X,Y,Field1,Object_ID,SYS_CODE,LOC_NAME,BED_CODE,MAN_NAME,DES_TYPE,CAT_DES,BLD_CODE,ADDRESS,ST_CODE,LAT,LON,COM_DIST,COUN_DIS,CENSUS_TRA,BOR_BLOCK,NTA,NTA_NAME,ADM_DIST,DBN_CODE,DBN_CODE_X,DBN_CODE_Y,SCH_NAME,YEAR,TOT_ENRO,GRADE_PK,GRADE_K,GRADE_1,GRADE_2,GRADE_3,GRADE_4,GRADE_5,GRADE_6,GRADE_7,GRADE_8,GRADE_9,GRADE_10,GRADE_11,GRADE_12,NUM_POV,PERC_POV,ECON_IND
1001439.62148489,155409.897904651,14,K014,0.00000000000,J.H.S. 014 Shell Bank,332000000000.00000000000,DOE,General Academic,Junior High-Intermediate-Middle,K014,2424 BATCHELDER STREET,NY,40.59323200000,-73.93810700000,315,48,59600,0.00000000000,BK17,Sheepshead Bay-Gerritsen Beach-Manhattan Beach,COMMUNITY SCHOOL DISTRICT 22,22K014,40.64200363380,9922082021470000.00000000000,J.H.S. 014 Shell Bank,2018-19,527,0,0,0,0,0,0,0,164,170,193,0,0,0,0,450,85%,81%
980959.610844611,185953.952395501,15,K015,0.00000000000,P.S. 015 Patrick F. Daly,332000000000.00000000000,DOE,General Academic,Elementary,K015,71 SULLIVAN STREET,NY,40.67708500000,-74.01186400000,306,38,5300,0.00000000000,BK33,Carroll Gardens-Columbia Street-Red Hook,COMMUNITY SCHOOL DISTRICT 15,15K015,-168.43987039500,9956515865190000.00000000000,P.S. 015 Patrick F. Daly,2018-19,485,80,67,65,66,71,58,78,0,0,0,0,0,0,0,346,71%,78%
1000877.60566802,153638.886316898,44,K052,0.00000000000,P.S. 052 Sheepshead Bay,332000000000.00000000000,DOE,General Academic,Elementary,K052,2675 EAST ��������������,NY,40.58837200000,-73.94013500000,315,48,60000,0.00000000000,BK17,Sheepshead Bay-Gerritsen Beach-Manhattan Beach,COMMUNITY SCHOOL DISTRICT 22,22K052,-115.97284021500,11332005798000000.00000000000,P.S. 052 Sheepshead Bay,2018-19,817,72,122,127,103,136,126,131,0,0,0,0,0,0,0,622,76%,70%
1008892.6286107,170774.843303979,56,K068,0.00000000000,I.S. 068 Isaac Bildersee,332000000000.00000000000,DOE,General Academic,Junior High-Intermediate-Middle,K068,956 EAST ��������������,NY,40.63538800000,-73.91121500000,318,46,95600,0.00000000000,BK50,Canarsie,COMMUNITY SCHOOL DISTRICT 18,18K068,140.72117650300,11993190525900000.00000000000,I.S. 068 Isaac Bildersee,2018-19,289,0,0,0,0,0,0,0,77,84,128,0,0,0,0,233,81%,75%
1008426.45111838,165363.758451789,61,K078,0.00000000000,J.H.S. 078 Roy H. Mann,332000000000.00000000000,DOE,General Academic,Junior High-Intermediate-Middle,K078,1420 EAST ��������������,NY,40.62053700000,-73.91291400000,318,46,69602,0.00000000000,BK45,Georgetown-Marine Park-Bergen Beach-Mill Basin,COMMUNITY SCHOOL DISTRICT 22,22K078,43.96370170420,12428798061400000.00000000000,J.H.S. 078 Roy H. Mann,2018-19,569,0,0,0,0,0,0,0,189,194,186,0,0,0,0,423,74%,63%
989698.643562735,149924.986811009,67,K090,0.00000000000,P.S. 90 Edna Cohen School,332000000000.00000000000,DOE,General Academic,Elementary,K090,2840 WEST ��������������,NY,40.57819200000,-73.98038700000,313,47,35000,0.00000000000,BK23,West Brighton,COMMUNITY SCHOOL DISTRICT 21,21K090,133.57170792700,12975594224200000.00000000000,P.S. 90 Edna Cohen School,2018-19,638,72,72,115,94,94,87,104,0,0,0,0,0,0,0,522,82%,87%
997014.473267506,152004.740841103,75,K098,0.00000000000,I.S. 98 Bay Academy,332000000000.00000000000,DOE,General Academic,Junior High-Intermediate-Middle,K043,1401 EMMONS AVENUE,NY,40.58389300000,-73.95404700000,315,48,60800,0.00000000000,BK17,Sheepshead Bay-Gerritsen Beach-Manhattan Beach,COMMUNITY SCHOOL DISTRICT 21,21K098,-98.85945955250,13355399042800000.00000000000,I.S. 98 Bay Academy,2018-19,1561,0,0,0,0,0,0,0,552,520,489,0,0,0,0,803,51%,49%
992353.530423507,149706.766784053,77,K100,0.00000000000,P.S. 100 The Coney Island School,332000000000.00000000000,DOE,General Academic,Elementary,K100,2951 WEST �������������,NY,40.57759100000,-73.97083000000,313,48,35602,0.00000000000,BK23,West Brighton,COMMUNITY SCHOOL DISTRICT 21,21K100,-48.27044547210,9453869340180000.00000000000,P.S. 100 The Coney Island School,2018-19,822,43,141,153,132,116,115,122,0,0,0,0,0,0,0,400,49%,46%
986482.61336951,156914.785473852,78,K101,0.00000000000,P.S. 101 The Verrazano,332000000000.00000000000,DOE,General Academic,Elementary,K101,2360 BENSON AVENUE,NY,40.59737900000,-73.99196200000,311,47,30200,0.00000000000,BK29,Bensonhurst East,COMMUNITY SCHOOL DISTRICT 21,21K101,100.45634750600,9486452139790000.00000000000,P.S. 101 The Verrazano,2018-19,877,0,126,144,141,145,155,166,0,0,0,0,0,0,0,532,61%,65%
984114.558571387,149392.827584745,152,K188,0.00000000000,P.S. 188 Michael E. Berdy,332000000000.00000000000,DOE,General Academic,Elementary,K188,3314 NEPTUNE AVENUE,NY,40.57673300000,-74.00048900000,313,47,32800,0.00000000000,BK21,Seagate-Coney Island,COMMUNITY SCHOOL DISTRICT 21,21K188,-37.30862872810,12882375554800000.00000000000,P.S. 188 Michael E. Berdy,2018-19,390,27,52,56,65,72,65,53,0,0,0,0,0,0,0,344,88%,91%
1002533.6435129,157172.937886981,158,K194,0.00000000000,P.S. 194 Raoul Wallenberg,332000000000.00000000000,DOE,General Academic,Elementary,K194,3117 AVENUE W,NY,40.59806900000,-73.93416300000,315,46,57000,0.00000000000,BK17,Sheepshead Bay-Gerritsen Beach-Manhattan Beach,COMMUNITY SCHOOL DISTRICT 22,22K194,69.13508616480,13163720681400000.00000000000,P.S. 194 Raoul Wallenberg,2018-19,557,60,64,84,97,76,89,87,0,0,0,0,0,0,0,491,88%,91%
999945.47875183,150646.793986336,159,K195,0.00000000000,P.S. 195 Manhattan Beach,332000000000.00000000000,DOE,General Academic,Elementary,K195,131 IRWIN STREET,NY,40.58016100000,-73.94349800000,315,48,62000,0.00000000000,BK17,Sheepshead Bay-Gerritsen Beach-Manhattan Beach,COMMUNITY SCHOOL DISTRICT 22,22K195,2.95829412675,13211291084700000.00000000000,P.S. 195 Manhattan Beach,2018-19,484,17,70,77,82,87,77,74,0,0,0,0,0,0,0,143,30%,28%
998565.499759491,156735.638897893,170,K206,0.00000000000,P.S. 206 Joseph F Lamb,332000000000.00000000000,DOE,General Academic,K-8,K206,2200 GRAVESEND NECK ROAD,NY,40.59687600000,-73.94845300000,315,48,59401,0.00000000000,BK17,Sheepshead Bay-Gerritsen Beach-Manhattan Beach,COMMUNITY SCHOOL DISTRICT 22,22K206,25.03667571180,9651149179460000.00000000000,P.S. 206 Joseph F Lamb,2018-19,1518,0,169,184,178,170,222,187,145,143,120,0,0,0,0,1054,69%,60%
1003550.44085164,162970.876707667,171,K207,0.00000000000,P.S. 207 Elizabeth G. Leary,332000000000.00000000000,DOE,General Academic,K-8,K207,4011 FILLMORE AVENUE,NY,40.61398100000,-73.93048500000,318,46,65200,0.00000000000,BK45,Georgetown-Marine Park-Bergen Beach-Mill Basin,COMMUNITY SCHOOL DISTRICT 22,22K207,141.76836855000,9684510456620000.00000000000,P.S. 207 Elizabeth G. Leary,2018-19,1159,18,105,113,112,131,137,141,128,127,147,0,0,0,0,553,48%,38%
995029.660610351,153062.873614633,173,K209,0.00000000000,P.S. 209 Margaret Mead,332000000000.00000000000,DOE,General Academic,K-8,K209,2609 EAST �������������,NY,40.58680000000,-73.96119100000,313,48,37000,0.00000000000,BK19,Brighton Beach,COMMUNITY SCHOOL DISTRICT 21,21K209,-28.18397921940,9751629176090000.00000000000,P.S. 209 Margaret Mead,2018-19,706,36,77,78,78,88,94,69,59,64,63,0,0,0,0,516,73%,68%
1013327.63302664,173527.863565626,174,K211,0.00000000000,I.S. 211 John Wilson,332000000000.00000000000,DOE,General Academic,Junior High-Intermediate-Middle,K211,1001 EAST 100 STREET,NY,40.64293100000,-73.89522400000,318,46,98800,0.00000000000,BK50,Canarsie,COMMUNITY SCHOOL DISTRICT 18,18K211,25.83308788020,9819280041070000.00000000000,I.S. 211 John Wilson,2018-19,436,0,0,0,0,0,0,0,112,138,186,0,0,0,0,352,81%,70%
988314.411453733,153356.65739629,175,K212,0.00000000000,P.S. 212 Lady Deborah Moody,332000000000.00000000000,DOE,General Academic,Elementary,K212,87 BAY ��������������,NY,40.58761200000,-73.98536800000,313,47,31400,0.00000000000,BK26,Gravesend,COMMUNITY SCHOOL DISTRICT 21,21K212,-176.77088585800,9853306510920000.00000000000,P.S. 212 Lady Deborah Moody,2018-19,720,52,124,116,91,93,125,119,0,0,0,0,0,0,0,608,84%,82%
992680.589450015,154227.786871352,179,K216,0.00000000000,P.S. 216 Arturo Toscanini,332000000000.00000000000,DOE,General Academic,Elementary,K216,350 AVENUE X,NY,40.59000000000,-73.96964700000,315,47,37401,0.00000000000,BK26,Gravesend,COMMUNITY SCHOOL DISTRICT 21,21K216,85.05721640940,9990766635410000.00000000000,P.S. 216 Arturo Toscanini,2018-19,745,78,118,111,111,110,113,104,0,0,0,0,0,0,0,550,74%,69%
996512.665819901,150680.890166639,188,K225,0.00000000000,P.S. K225 - The Eileen E. Zaglin,332000000000.00000000000,DOE,General Academic,K-8,K225,1075 OCEAN VIEW AVENUE,NY,40.58026000000,-73.95585600000,313,48,61004,0.00000000000,BK19,Brighton Beach,COMMUNITY SCHOOL DISTRICT 21,21K225,46.45237303680,10308141275500000.00000000000,P.S. K225 - The Eileen E. Zaglin,2018-19,996,47,98,87,91,96,97,109,123,128,120,0,0,0,0,802,81%,82%
1008680.64522208,163526.714493821,198,K236,0.00000000000,P.S. 236 Mill Basin,332000000000.00000000000,DOE,General Academic,Elementary,K236,6302 AVENUE U,NY,40.61549400000,-73.91200500000,318,46,69800,0.00000000000,BK45,Georgetown-Marine Park-Bergen Beach-Mill Basin,COMMUNITY SCHOOL DISTRICT 22,22K236,117.04994597100,10711809816800000.00000000000,P.S. 236 Mill Basin,2018-19,559,41,85,85,86,96,87,79,0,0,0,0,0,0,0,252,45%,34%
986348.513649682,150087.68494466,200,K239,0.00000000000,Mark Twain I.S. 239 for the Gifted & Talented,332000000000.00000000000,DOE,General Academic,Junior High-Intermediate-Middle,K239,2401 NEPTUNE AVENUE,NY,40.57864000000,-73.99244700000,313,47,33000,0.00000000000,BK21,Seagate-Coney Island,COMMUNITY SCHOOL DISTRICT 21,21K239,91.79253172030,10825016240400000.00000000000,Mark Twain I.S. 239 for the Gifted & Talented,2018-19,1336,0,0,0,0,0,0,0,480,441,415,0,0,0,0,470,35%,35%
994816.552377858,150671.715113699,211,K253,0.00000000000,P.S. 253,332000000000.00000000000,DOE,General Academic,Elementary,K253,601 OCEANVIEW AVENUE,NY,40.58023700000,-73.96196200000,313,48,36400,0.00000000000,BK19,Brighton Beach,COMMUNITY SCHOOL DISTRICT 21,21K253,178.68702966600,11371723878100000.00000000000,P.S. 253,2018-19,945,36,154,156,156,138,160,145,0,0,0,0,0,0,0,750,79%,87%
997706.596270082,154631.898185851,212,K254,0.00000000000,P.S. 254 Dag Hammarskjold,332000000000.00000000000,DOE,General Academic,Elementary,K254,1801 AVENUE Y,NY,40.59110300000,-73.95155000000,315,48,59200,0.00000000000,BK17,Sheepshead Bay-Gerritsen Beach-Manhattan Beach,COMMUNITY SCHOOL DISTRICT 22,22K254,-123.66143645100,11411966681300000.00000000000,P.S. 254 Dag Hammarskjold,2018-19,766,0,120,156,122,126,122,120,0,0,0,0,0,0,0,434,57%,54%
1015787.43596382,170838.915437703,225,K272,0.00000000000,P.S. 272 Curtis Estabrook,332000000000.00000000000,DOE,General Academic,Elementary,K272,101-24 SEAVIEW AVENUE,NY,40.63554200000,-73.88637300000,318,46,103400,0.00000000000,BK50,Canarsie,COMMUNITY SCHOOL DISTRICT 18,18K272,78.35195412020,12164916209800000.00000000000,P.S. 272 Curtis Estabrook,2018-19,449,47,63,49,70,76,77,67,0,0,0,0,0,0,0,395,88%,88%
1009664.46493704,170271.773524873,228,K276,0.00000000000,P.S. 276 Louis Marshall,332000000000.00000000000,DOE,General Academic,Elementary,K276,1070 EAST ��������������,NY,40.63400500000,-73.90843600000,318,46,99600,0.00000000000,BK50,Canarsie,COMMUNITY SCHOOL DISTRICT 18,18K276,77.43265474350,12339854261500000.00000000000,P.S. 276 Louis Marshall,2018-19,611,66,79,88,84,101,92,101,0,0,0,0,0,0,0,519,85%,67%
1004287.47429996,156346.935866714,229,K277,0.00000000000,P.S. 277 Gerritsen Beach,332000000000.00000000000,DOE,General Academic,Elementary,K277,2529 GERRITSEN AVENUE,NY,40.59579800000,-73.92785000000,318,46,66600,0.00000000000,BK99,park-cemetery-etc-Brooklyn,COMMUNITY SCHOOL DISTRICT 22,22K277,138.86944931800,12384036859100000.00000000000,P.S. 277 Gerritsen Beach,2018-19,433,35,60,61,61,68,76,72,0,0,0,0,0,0,0,213,49%,37%
1001265.65462815,160332.907929452,230,K278,0.00000000000,J.H.S. 278 Marine Park,332000000000.00000000000,DOE,General Academic,Junior High-Intermediate-Middle,K278,1925 STUART STREET,NY,40.60674500000,-73.93872100000,315,46,66600,0.00000000000,BK99,park-cemetery-etc-Brooklyn,COMMUNITY SCHOOL DISTRICT 22,22K278,-11.27453012200,12428400343000000.00000000000,J.H.S. 278 Marine Park,2018-19,1203,0,0,0,0,0,0,0,395,387,421,0,0,0,0,836,70%,51%
1014000.6326688,173966.963799049,231,K279,0.00000000000,P.S. 279 Herman Schreiber,332000000000.00000000000,DOE,General Academic,Elementary,K279,1070 EAST 104 STREET,NY,40.64413400000,-73.89279700000,318,46,98600,0.00000000000,BK50,Canarsie,COMMUNITY SCHOOL DISTRICT 18,18K279,10.25988819330,12472945546600000.00000000000,P.S. 279 Herman Schreiber,2018-19,402,39,67,55,46,67,59,69,0,0,0,0,0,0,0,323,80%,68%
986037.521172482,155919.776033294,232,K281,0.00000000000,I.S. 281 Joseph B Cavallaro,332000000000.00000000000,DOE,General Academic,Junior High-Intermediate-Middle,K281,8787 24 AVENUE,NY,40.59464800000,-73.99356500000,311,47,30400,0.00000000000,BK29,Bensonhurst East,COMMUNITY SCHOOL DISTRICT 21,21K281,52.35651899400,12562584468600000.00000000000,I.S. 281 Joseph B Cavallaro,2018-19,1346,0,0,0,0,0,0,0,410,442,494,0,0,0,0,1117,83%,75%
989485.630191221,193521.773052767,236,K287,0.00000000000,P.S. 287 Bailey K. Ashford,331000000000.00000000000,DOE,General Academic,Elementary,K287,50 NAVY STREET,NY,40.69785600000,-73.98112000000,302,35,2300,0.00000000000,BK38,DUMBO-Vinegar Hill-Downtown Brooklyn-Boerum Hill,COMMUNITY SCHOOL DISTRICT 13,13K287,-49.83850418100,12835950532800000.00000000000,P.S. 287 Bailey K. Ashford,2018-19,145,17,9,23,28,18,17,33,0,0,0,0,0,0,0,133,92%,90%
986363.659902168,148407.784905683,237,K288,0.00000000000,P.S. 288 The Shirley Tanyhill,332000000000.00000000000,DOE,General Academic,K-8,K288,2950 WEST ��������������,NY,40.57402900000,-73.99239300000,313,47,34200,0.00000000000,BK21,Seagate-Coney Island,COMMUNITY SCHOOL DISTRICT 21,21K288,132.42844828800,12882169436500000.00000000000,P.S. 288 The Shirley Tanyhill,2018-19,615,30,65,66,59,74,83,68,61,50,59,0,0,0,0,576,94%,96%
992025.442630394,151501.688411812,247,K303,0.00000000000,I.S. 303 Herbert S. Eisenberg,332000000000.00000000000,DOE,General Academic,Junior High-Intermediate-Middle,K303,501 WEST AVENUE,NY,40.58251800000,-73.97200900000,313,47,35400,0.00000000000,BK23,West Brighton,COMMUNITY SCHOOL DISTRICT 21,21K303,-72.18770026980,9551697852070000.00000000000,I.S. 303 Herbert S. Eisenberg,2018-19,567,0,0,0,0,0,0,0,198,173,196,0,0,0,0,425,75%,80%
1009358.50791454,166058.744948506,254,K312,0.00000000000,P.S. 312 Bergen Beach,332000000000.00000000000,DOE,General Academic,Elementary,K312,7103 AVENUE T,NY,40.62244200000,-73.90955400000,318,46,69602,0.00000000000,BK45,Georgetown-Marine Park-Bergen Beach-Mill Basin,COMMUNITY SCHOOL DISTRICT 22,22K312,-2.55340149883,9853148857460000.00000000000,P.S. 312 Bergen Beach,2018-19,786,70,110,98,123,127,132,126,0,0,0,0,0,0,0,433,55%,47%
1013858.61077048,177330.992278769,262,K325,0.00000000000,The Fresh Creek School,332000000000.00000000000,DOE,General Academic,Elementary,K260,875 WILLIAMS AVENUE,NY,40.65336800000,-73.89329400000,318,42,98200,0.00000000000,BK50,Canarsie,COMMUNITY SCHOOL DISTRICT 19,19K325,112.79070547900,10307976344700000.00000000000,The Fresh Creek School,2018-19,200,15,27,32,30,39,34,23,0,0,0,0,0,0,0,189,95%,91%
985425.502228172,148639.796360237,266,K329,0.00000000000,P.S. 329 Surfside,332000000000.00000000000,DOE,General Academic,Elementary,K329,2929 WEST ��������������,NY,40.57466600000,-73.99577000000,313,47,34200,0.00000000000,BK21,Seagate-Coney Island,COMMUNITY SCHOOL DISTRICT 21,21K329,-125.96131306700,10452716875200000.00000000000,P.S. 329 Surfside,2018-19,388,29,69,57,54,44,68,67,0,0,0,0,0,0,0,367,95%,92%
988051.631149692,155329.800269509,269,K337,0.00000000000,International High School at Lafayette,332000000000.00000000000,DOE,General Academic,High school,K400,2630 BENSON AVENUE,NY,40.59302800000,-73.98631300000,313,47,30600,0.00000000000,BK26,Gravesend,,21K337,-88.76731768910,10749222287100000.00000000000,International High School at Lafayette,2018-19,347,0,0,0,0,0,0,0,0,0,0,82,93,89,83,298,86%,98%
992025.442630394,151501.688411812,271,K344,0.00000000000,Rachel Carson High School for Coastal Studies,332000000000.00000000000,DOE,General Academic,High school,K303,521 WEST AVENUE,NY,40.58251800000,-73.97200900000,313,47,35400,0.00000000000,BK23,West Brighton,,21K344,177.10067430500,11016569628300000.00000000000,Rachel Carson High School for Coastal Studies,2018-19,623,0,0,0,0,0,0,0,0,0,0,184,157,149,133,420,67%,76%
988051.631149692,155329.800269509,275,K348,0.00000000000,High School of Sports Management,332000000000.00000000000,DOE,General Academic,High school,K400,2630 BENSON AVENUE,NY,40.59302800000,-73.98631300000,313,47,30600,0.00000000000,BK26,Gravesend,,21K348,-159.37033475200,11172747993100000.00000000000,High School of Sports Management,2018-19,241,0,0,0,0,0,0,0,0,0,0,43,73,73,52,182,76%,81%
1014291.66259189,175155.758244187,292,K366,0.00000000000,The Science And Medicine Middle School,332000000000.00000000000,DOE,General Academic,Junior High-Intermediate-Middle,K366,965 EAST 107TH STREET,NY,40.64739600000,-73.89174300000,318,46,98400,0.00000000000,BK50,Canarsie,COMMUNITY SCHOOL DISTRICT 18,18K366,145.19137332700,11907606123600000.00000000000,The Science And Medicine Middle School,2018-19,399,0,0,0,0,0,0,0,133,142,124,0,0,0,0,319,80%,69%
992619.638334929,149749.847171721,296,K370,0.00000000000,P.S. 370,308000000000.00000000000,DOE,Special Education,K-12 all grades,K370,3000 WEST 1 STREET,NY,40.57770900000,-73.96987200000,313,48,35602,0.00000000000,BK23,West Brighton,CITYWIDE SPECIAL EDUCATION,75K370,0.00000000000,0.00000000000,P.S. 370,2018-19,249,0,0,7,8,20,21,11,36,14,38,39,30,19,6,197,79%,84%
997087.600882684,194957.873967271,304,K380,0.00000000000,P.S. 380 John Wayne Elementary,331000000000.00000000000,DOE,General Academic,Elementary,K380,370 MARCY AVENUE,NY,40.70179000000,-73.95370200000,301,33,53100,0.00000000000,BK75,Bedford,COMMUNITY SCHOOL DISTRICT 14,14K380,-159.50354979900,12517473024400000.00000000000,P.S. 380 John Wayne Elementary,2018-19,570,50,80,83,86,85,94,92,0,0,0,0,0,0,0,441,77%,85%
992935.400942187,151541.707591319,323,K410,0.00000000000,Abraham Lincoln High School,332000000000.00000000000,DOE,General Academic,High school,K410,2800 OCEAN PARKWAY,NY,40.58262700000,-73.96873300000,313,47,35400,0.00000000000,BK23,West Brighton,,21K410,125.87888497900,9785074663240000.00000000000,Abraham Lincoln High School,2018-19,1904,0,0,0,0,0,0,0,0,0,0,605,489,425,385,1428,75%,81%
988051.631149692,155329.800269509,347,K468,0.00000000000,Kingsborough Early College School,332000000000.00000000000,DOE,General Academic,Secondary School,K400,2630 BENSON AVENUE,NY,40.59302800000,-73.98631300000,313,47,30600,0.00000000000,BK26,Gravesend,,21K468,135.25578304500,11992422978500000.00000000000,Kingsborough Early College School,2018-19,669,0,0,0,0,0,0,0,112,86,92,114,94,88,83,465,70%,65%
996776.407858155,199974.901664843,356,K488,0.00000000000,Brooklyn Preparatory High School,331000000000.00000000000,DOE,General Academic,High school,K650,257 NORTH �������������,NY,40.71556100000,-73.95481500000,301,33,51900,0.00000000000,BK73,North Side-South Side,,14K488,58.62319456220,12881757208700000.00000000000,Brooklyn Preparatory High School,2018-19,527,0,0,0,0,0,0,0,0,0,0,135,124,137,131,439,83%,76%
1002459.5941836,149990.938948517,384,K535,0.00000000000,Leon M. Goldstein High School for the Sciences,332000000000.00000000000,DOE,General Academic,High school,K535,1830 SHORE BOULEVARD,NY,40.57835600000,-73.93444900000,315,48,61600,0.00000000000,BK17,Sheepshead Bay-Gerritsen Beach-Manhattan Beach,,22K535,-156.52766573100,10673863100000000.00000000000,Leon M. Goldstein High School for the Sciences,2018-19,1057,0,0,0,0,0,0,0,0,0,0,302,247,270,238,480,45%,43%
989270.664092936,153523.696798696,389,K540,0.00000000000,John Dewey High School,332000000000.00000000000,DOE,General Academic,High school,K540,50 AVENUE X,NY,40.58807000000,-73.98192500000,313,47,30800,0.00000000000,BK26,Gravesend,,21K540,-16.64858763140,10862533685900000.00000000000,John Dewey High School,2018-19,2203,0,0,0,0,0,0,0,0,0,0,586,590,535,492,1798,82%,79%
996776.407858155,199974.901664843,402,K558,0.00000000000,Williamsburg High School for Architecture and Desi,331000000000.00000000000,DOE,Career Technical,High school,K650,257 NORTH �������������,NY,40.71556100000,-73.95481500000,301,33,51900,0.00000000000,BK73,North Side-South Side,,14K558,104.51309829600,11574018153900000.00000000000,Williamsburg High School for Architecture and Desi,2018-19,580,0,0,0,0,0,0,0,0,0,0,158,149,146,127,461,80%,71%
988051.631149692,155329.800269509,403,K559,0.00000000000,Life Academy High School for Film and Music,332000000000.00000000000,DOE,General Academic,High school,K400,2630 BENSON AVENUE,NY,40.59302800000,-73.98631300000,313,47,30600,0.00000000000,BK26,Gravesend,,21K559,-71.49516140300,11615080639100000.00000000000,Life Academy High School for Film and Music,2018-19,286,0,0,0,0,0,0,0,0,0,0,71,88,55,72,219,77%,77%
996776.407858155,199974.901664843,404,K561,0.00000000000,Williamsburg Preparatory School,331000000000.00000000000,DOE,General Academic,High school,K650,257 NORTH �������������,NY,40.71556100000,-73.95481500000,301,33,51900,0.00000000000,BK73,North Side-South Side,,14K561,-96.48635983200,11697706103900000.00000000000,Williamsburg Preparatory School,2018-19,682,0,0,0,0,0,0,0,0,0,0,176,183,172,151,543,80%,78%
988051.631149692,155329.800269509,412,K572,0.00000000000,Expeditionary Learning School for Community Leader,332000000000.00000000000,DOE,General Academic,High school,K400,2630 BENSON AVENUE,NY,40.59302800000,-73.98631300000,313,47,30600,0.00000000000,BK26,Gravesend,,21K572,177.47640149400,12164332300100000.00000000000,Expeditionary Learning School for Community Leader,2018-19,378,0,0,0,0,0,0,0,0,0,0,108,91,89,90,289,77%,77%
997187.485374179,202119.931437482,431,K610,0.00000000000,Automotive High School,331000000000.00000000000,DOE,Career Technical,High school,K610,50 BEDFORD AVENUE,NY,40.72144800000,-73.95332800000,301,33,51700,0.00000000000,BK73,North Side-South Side,,14K610,-56.41866139630,9784761540680000.00000000000,Automotive High School,2018-19,329,0,0,0,0,0,0,0,0,0,0,81,81,84,83,271,82%,80%
1001848.45210121,155382.865787481,432,K611,0.00000000000,Origins High School,332000000000.00000000000,DOE,General Academic,High school,K495,3000 AVENUE X,NY,40.59315700000,-73.93663500000,315,48,62600,0.00000000000,BK17,Sheepshead Bay-Gerritsen Beach-Manhattan Beach,,22K611,-88.30638083070,9818651618110000.00000000000,Origins High School,2018-19,414,0,0,0,0,0,0,0,0,0,0,108,92,106,108,329,80%,82%
994315.538865622,151773.950009965,438,K620,0.00000000000,William E. Grady Career and Technical Education Hi,332000000000.00000000000,DOE,Career Technical,High school,K620,25 BRIGHTON �������������,NY,40.58326300000,-73.96376400000,313,48,36600,0.00000000000,BK19,Brighton Beach,,21K620,74.31179026230,10129774400800000.00000000000,William E. Grady Career and Technical Education Hi,2018-19,412,0,0,0,0,0,0,0,0,0,0,132,141,66,73,363,88%,79%
1001848.45210121,155382.865787481,443,K630,0.00000000000,Professional Pathways High School,332000000000.00000000000,DOE,Transfer School,High school,K495,3000 AVENUE X,NY,40.59315700000,-73.93663500000,315,48,62600,0.00000000000,BK17,Sheepshead Bay-Gerritsen Beach-Manhattan Beach,,22K630,-139.66174152400,10488760548400000.00000000000,Professional Pathways High School,2018-19,210,0,0,0,0,0,0,0,0,0,0,25,59,61,65,162,77%,72%
983315.072380422,185535.13391786,455,K651,0.00000000000,PAVE Academy Charter School,332000000000.00000000000,Charter,General Academic,K-8,K990,732 HENRY STREET,NY,40.67593600000,-74.00337200000,306,38,5900,0.00000000000,BK33,Carroll Gardens-Columbia Street-Red Hook,OFFICE OF CHARTER SCHOOLS,84K651,0.00000000000,0.00000000000,PAVE Academy Charter School,2018-19,481,0,51,57,55,55,55,53,55,54,46,0,0,0,0,428,89%,84%
982821.654230305,186255.799944498,472,K676,0.00000000000,Red Hook Neighborhood School,332000000000.00000000000,DOE,General Academic,Elementary,K027,27 HUNTINGTON STREET,NY,40.67791400000,-74.00515100000,306,38,5900,0.00000000000,BK33,Carroll Gardens-Columbia Street-Red Hook,COMMUNITY SCHOOL DISTRICT 15,15K676,11.54693404830,12339064524900000.00000000000,Red Hook Neighborhood School,2018-19,121,10,14,11,12,17,34,23,0,0,0,0,0,0,0,116,96%,96%
980266.500786058,186275.758373112,487,K698,0.00000000000,South Brooklyn Community High School,332000000000.00000000000,DOE,Transfer School,High school,K825,173 CONOVER STREET,NY,40.67796800000,-74.01436300000,306,38,5300,0.00000000000,BK33,Carroll Gardens-Columbia Street-Red Hook,,15K698,-149.42200527800,13354116970700000.00000000000,South Brooklyn Community High School,2018-19,181,0,0,0,0,0,0,0,0,0,0,16,76,26,63,158,87%,86%
989270.664092936,153523.696798696,496,K721,0.00000000000,P.S. K721 - Brooklyn Occupational Training Center,308000000000.00000000000,DOE,Special Education,High school,K722,64 AVENUE X,NY,40.58807000000,-73.98192500000,313,47,30800,0.00000000000,BK26,Gravesend,CITYWIDE SPECIAL EDUCATION,75K721,0.00000000000,0.00000000000,P.S. K721 - Brooklyn Occupational Training Center,2018-19,480,0,10,12,8,1,0,0,0,1,1,50,61,59,277,433,90%,93%
1014000.6326688,173966.963799049,498,K724,0.00000000000,Leadership Prep Canarsie Charter School (Leadershi,332000000000.00000000000,Charter,General Academic,K-8,K279,1070 EAST 104 STREET,NY,40.64413400000,-73.89279700000,318,46,98600,0.00000000000,BK50,Canarsie,OFFICE OF CHARTER SCHOOLS,84K724,0.00000000000,0.00000000000,Leadership Prep Canarsie Charter School (Leadershi,2018-19,797,0,90,89,90,89,87,90,87,88,87,0,0,0,0,639,80%,60%
988302.557942389,149481.695386387,499,K728,0.00000000000,Liberation Diploma Plus,332000000000.00000000000,DOE,Transfer School,High school,K728,2865 WEST 19TH STREET,NY,40.57697600000,-73.98541300000,313,47,32600,0.00000000000,BK21,Seagate-Coney Island,,21K728,-28.61364652640,10415648545600000.00000000000,Liberation Diploma Plus,2018-19,245,0,0,0,0,0,0,0,0,0,0,73,72,50,50,197,80%,86%
982821.654230305,186255.799944498,500,K730,0.00000000000,Summit Academy Charter School,332000000000.00000000000,Charter,General Academic,Secondary School,K027,27 HUNTINGTON STREET,NY,40.67791400000,-74.00515100000,306,38,5900,0.00000000000,BK33,Carroll Gardens-Columbia Street-Red Hook,OFFICE OF CHARTER SCHOOLS,84K730,0.00000000000,0.00000000000,Summit Academy Charter School,2018-19,324,0,0,0,0,0,0,0,38,43,49,53,68,33,40,247,76%,83%
1001848.45210121,155382.865787481,505,K738,0.00000000000,New Visions Charter High School for Advanced Math,332000000000.00000000000,Charter,General Academic,High school,K495,3000 AVENUE X,NY,40.59315700000,-73.93663500000,315,48,62600,0.00000000000,BK17,Sheepshead Bay-Gerritsen Beach-Manhattan Beach,OFFICE OF CHARTER SCHOOLS,84K738,0.00000000000,0.00000000000,New Visions Charter High School for Advanced Math,2018-19,391,0,0,0,0,0,0,0,0,0,0,110,95,95,91,320,82%,64%
1001848.45210121,155382.865787481,506,K739,0.00000000000,New Visions Charter High School for the Humanities,332000000000.00000000000,Charter,General Academic,High school,K495,3000 AVENUE X,NY,40.59315700000,-73.93663500000,315,48,62600,0.00000000000,BK17,Sheepshead Bay-Gerritsen Beach-Manhattan Beach,OFFICE OF CHARTER SCHOOLS,84K739,0.00000000000,0.00000000000,New Visions Charter High School for the Humanities,2018-19,233,0,0,0,0,0,0,0,0,0,0,74,64,49,46,174,75%,69%
992025.442630394,151501.688411812,510,K744,0.00000000000,Coney Island Preparatory Public Charter School,332000000000.00000000000,Charter,General Academic,K-12 all grades,K303,501 WEST AVENUE,NY,40.58251800000,-73.97200900000,313,47,35400,0.00000000000,BK23,West Brighton,OFFICE OF CHARTER SCHOOLS,84K744,0.00000000000,0.00000000000,Coney Island Preparatory Public Charter School,2018-19,1008,0,63,61,64,61,64,92,91,88,86,89,91,84,74,835,83%,78%
1008041.30117701,162347.121000643,512,K746,0.00000000000,Hebrew Language Academy Charter School,332000000000.00000000000,Charter,General Academic,K-8,KBZT,2186 MILL AVENUE,NY,40.61225800000,-73.91431200000,318,46,69800,0.00000000000,BK45,Georgetown-Marine Park-Bergen Beach-Mill Basin,OFFICE OF CHARTER SCHOOLS,84K746,0.00000000000,0.00000000000,Hebrew Language Academy Charter School,2018-19,710,0,71,89,94,79,88,84,80,58,67,0,0,0,0,494,70%,54%
996512.665819901,150680.890166639,528,K771,0.00000000000,P.S. K771,308000000000.00000000000,DOE,Special Education,K-12 all grades,K225,1075 OCEAN VIEW AVENUE,NY,40.58026000000,-73.95585600000,313,48,61004,0.00000000000,BK19,Brighton Beach,CITYWIDE SPECIAL EDUCATION,75K771,0.00000000000,0.00000000000,P.S. K771,2018-19,433,0,35,39,46,55,58,81,43,31,23,6,5,4,7,349,81%,85%
1008426.45111838,165363.758451789,534,K781,0.00000000000,Success Academy Charter School - Bergen Beach - Ne,332000000000.00000000000,Charter,General Academic,Elementary,K078,1420 EAST ��������������,NY,40.62053700000,-73.91291400000,318,46,69602,0.00000000000,BK45,Georgetown-Marine Park-Bergen Beach-Mill Basin,OFFICE OF CHARTER SCHOOLS,84K781,0.00000000000,0.00000000000,Success Academy Charter School - Bergen Beach - Ne,2018-19,546,0,108,94,96,86,56,106,0,0,0,0,0,0,0,374,69%,51%
1001300.46209166,154644.716725589,546,K811,0.00000000000,P.S. K811 Connie Lekas School,308000000000.00000000000,DOE,Special Education,Secondary School,K286,2525 HARING STREET,NY,40.59113200000,-73.93861000000,315,48,59600,0.00000000000,BK17,Sheepshead Bay-Gerritsen Beach-Manhattan Beach,CITYWIDE SPECIAL EDUCATION,75K811,0.00000000000,0.00000000000,P.S. K811 Connie Lekas School,2018-19,337,0,0,0,0,0,0,0,14,10,24,48,27,49,165,310,92%,93%
1000231.44282332,228028.707480853,574,M012,0.00000000000,Tag Young Scholars,310000000000.00000000000,DOE,General Academic,K-8,M117,240 EAST 109 STREET,NY,40.79255600000,-73.94228500000,111,8,17000,0.00000000000,MN33,East Harlem South,COMMUNITY SCHOOL DISTRICT 04,04M012,37.57570562200,9853621824470000.00000000000,Tag Young Scholars,2018-19,601,0,51,62,64,64,65,66,68,77,84,0,0,0,0,205,34%,38%
990141.498046145,202345.63520266,575,M015,0.00000000000,P.S. 015 Roberto Clemente,310000000000.00000000000,DOE,General Academic,Elementary,M015,333 EAST �������������,NY,40.72207500000,-73.97874700000,103,2,2601,0.00000000000,MN28,Lower East Side,COMMUNITY SCHOOL DISTRICT 01,01M015,134.26435009200,9956515865190000.00000000000,P.S. 015 Roberto Clemente,2018-19,174,13,20,33,30,30,20,28,0,0,0,0,0,0,0,145,83%,88%
991163.640126464,203778.817866233,582,M034,0.00000000000,P.S. 034 Franklin D. Roosevelt,310000000000.00000000000,DOE,General Academic,K-8,M034,730 EAST ��������������,NY,40.72600800000,-73.97505800000,103,2,2800,0.00000000000,MN28,Lower East Side,COMMUNITY SCHOOL DISTRICT 01,01M034,-68.66780913640,10637430942400000.00000000000,P.S. 034 Franklin D. Roosevelt,2018-19,305,17,26,20,16,21,43,40,39,44,39,0,0,0,0,301,99%,94%
1002595.66813502,230474.702277632,585,M037,0.00000000000,River East Elementary,310000000000.00000000000,DOE,General Academic,Elementary,M045,2351 FIRST AVENUE,NY,40.79926500000,-73.93374000000,111,8,19400,0.00000000000,MN34,East Harlem North,COMMUNITY SCHOOL DISTRICT 04,04M037,-176.06202802800,10749738267000000.00000000000,River East Elementary,2018-19,259,31,41,35,26,43,51,32,0,0,0,0,0,0,0,218,84%,86%
999546.465236589,226611.733600931,586,M038,0.00000000000,P.S. 38 Roberto Clemente,310000000000.00000000000,DOE,General Academic,Elementary,M121,232 EAST 103 STREET,NY,40.78866800000,-73.94476200000,111,8,16400,0.00000000000,MN33,East Harlem South,COMMUNITY SCHOOL DISTRICT 04,04M038,-171.89898736800,10787474722100000.00000000000,P.S. 38 Roberto Clemente,2018-19,241,39,27,25,29,45,41,35,0,0,0,0,0,0,0,227,94%,94%
1001878.63784142,241817.767697603,590,M046,0.00000000000,P.S. 046 Arthur Tappan,311000000000.00000000000,DOE,General Academic,K-8,M046,2987 FREDERICK DOUGLASS BOULEVARD,NY,40.83040000000,-73.93630000000,110,9,24302,0.00000000000,MN03,Central Harlem North-Polo Grounds,COMMUNITY SCHOOL DISTRICT 05,05M046,115.93044020800,11094877281800000.00000000000,P.S. 046 Arthur Tappan,2018-19,630,51,49,57,63,63,64,83,78,55,67,0,0,0,0,586,93%,95%
998801.519244708,227622.667575978,602,M072,0.00000000000,The Lexington Academy,310000000000.00000000000,DOE,General Academic,K-8,M072,131 EAST 104 STREET,NY,40.79144400000,-73.94745000000,111,8,16600,0.00000000000,MN33,East Harlem South,COMMUNITY SCHOOL DISTRICT 04,04M072,69.19727112580,12165305496500000.00000000000,The Lexington Academy,2018-19,646,42,55,64,52,67,64,69,81,66,86,0,0,0,0,566,88%,90%
1000322.62360519,228322.785724192,608,M083,0.00000000000,P.S. 083 Luis Munoz Rivera,310000000000.00000000000,DOE,General Academic,Elementary,M083,219 EAST 109 STREET,NY,40.79336300000,-73.94195500000,111,8,18000,0.00000000000,MN34,East Harlem North,COMMUNITY SCHOOL DISTRICT 04,04M083,168.78272996500,12653365283900000.00000000000,P.S. 083 Luis Munoz Rivera,2018-19,414,31,40,61,66,67,71,78,0,0,0,0,0,0,0,359,87%,80%
1002255.58854149,236928.65028411,610,M085,0.00000000000,Global Community Charter School,311000000000.00000000000,Charter,General Academic,Elementary,M838,2350 5TH AVENUE,NY,40.81698000000,-73.93495100000,110,9,21400,0.00000000000,MN03,Central Harlem North-Polo Grounds,OFFICE OF CHARTER SCHOOLS,84M085,0.00000000000,0.00000000000,Global Community Charter School,2018-19,420,0,90,77,78,70,60,45,0,0,0,0,0,0,0,371,88%,87%
980378.608658252,200499.895007976,612,M089,0.00000000000,P.S. 89,310000000000.00000000000,DOE,General Academic,Elementary,M089,201 WARREN STREET,NY,40.71701000000,-74.01396700000,101,1,31703,0.00000000000,MN25,Battery Park City-Lower Manhattan,COMMUNITY SCHOOL DISTRICT 02,02M089,-140.97950208600,12928992359000000.00000000000,P.S. 89,2018-19,456,35,88,92,63,47,61,70,0,0,0,0,0,0,0,40,9%,9%
979410.651307159,196628.695647116,614,M094,0.00000000000,P.S. M094,308000000000.00000000000,DOE,Special Education,K-12 all grades,M276,55 BATTERY PLACE,NY,40.70638400000,-74.01745600000,101,1,31704,0.00000000000,MN25,Battery Park City-Lower Manhattan,CITYWIDE SPECIAL EDUCATION,75M094,0.00000000000,0.00000000000,P.S. M094,2018-19,413,0,30,49,26,40,64,57,39,40,39,7,10,7,5,337,82%,85%
1001301.57273985,228919.869959703,618,M102,0.00000000000,P.S. 102 Jacques Cartier,310000000000.00000000000,DOE,General Academic,Elementary,M102,315 EAST 113 STREET,NY,40.79500000000,-73.93841800000,111,8,18000,0.00000000000,MN34,East Harlem North,COMMUNITY SCHOOL DISTRICT 04,04M102,-147.62273793500,9519163341420000.00000000000,P.S. 102 Jacques Cartier,2018-19,265,25,28,45,37,42,47,41,0,0,0,0,0,0,0,257,97%,82%
989850.111603731,200205.12403488,622,M110,0.00000000000,P.S. 110 Florence Nightingale,310000000000.00000000000,DOE,General Academic,Elementary,M110,285 DELANCY STREET,NY,40.71620000000,-73.97980000000,103,1,1200,0.00000000000,MN28,Lower East Side,COMMUNITY SCHOOL DISTRICT 01,01M110,75.57956558010,9785544363530000.00000000000,P.S. 110 Florence Nightingale,2018-19,372,34,59,66,59,52,45,57,0,0,0,0,0,0,0,210,57%,59%
1003485.65411986,229609.732061723,624,M112,0.00000000000,P.S. 112 Jose Celso Barbosa,310000000000.00000000000,DOE,General Academic,Early Childhood,M112,535 EAST 119 STREET,NY,40.79688900000,-73.93052800000,111,8,19200,0.00000000000,MN34,East Harlem North,COMMUNITY SCHOOL DISTRICT 04,04M112,139.30970366900,9853464166590000.00000000000,P.S. 112 Jose Celso Barbosa,2018-19,319,45,98,93,83,0,0,0,0,0,0,0,0,0,0,247,77%,85%
984965.671114174,198182.820201105,631,M126,0.00000000000,P.S. 126 Jacob August Riis,310000000000.00000000000,DOE,General Academic,K-8,M126,80 CATHERINE STREET,NY,40.71065100000,-73.99742000000,103,1,2500,0.00000000000,MN27,Chinatown,COMMUNITY SCHOOL DISTRICT 02,02M126,23.67083610450,10344276575200000.00000000000,P.S. 126 Jacob August Riis,2018-19,712,21,53,66,57,55,62,61,115,114,108,0,0,0,0,544,76%,75%
1001217.40777219,226928.722674945,646,M146,0.00000000000,P.S. 146 Ann M. Short,310000000000.00000000000,DOE,General Academic,Elementary,M146,421 EAST 106 STREET,NY,40.78953500000,-73.93872700000,111,8,16200,0.00000000000,MN33,East Harlem South,COMMUNITY SCHOOL DISTRICT 04,04M146,161.91788054800,11094699763900000.00000000000,P.S. 146 Ann M. Short,2018-19,383,47,52,42,52,73,57,60,0,0,0,0,0,0,0,373,97%,94%
981234.470061985,201417.886569465,649,M150,0.00000000000,P.S. 150,310000000000.00000000000,DOE,General Academic,Elementary,M840,334 GREENWICH STREET,NY,40.71953000000,-74.01088000000,101,1,3900,0.00000000000,MN24,SoHo-TriBeCa-Civic Center-Little Italy,COMMUNITY SCHOOL DISTRICT 02,02M150,114.96459517300,11252145180800000.00000000000,P.S. 150,2018-19,189,18,28,30,29,30,29,25,0,0,0,0,0,0,0,33,18%,14%
1001999.4866567,229833.757908173,654,M155,0.00000000000,P.S. 155 William Paca,310000000000.00000000000,DOE,General Academic,Elementary,M155,319 EAST 117 STREET,NY,40.79750700000,-73.93589500000,111,8,18800,0.00000000000,MN34,East Harlem North,COMMUNITY SCHOOL DISTRICT 04,04M155,160.78936673100,11452555565500000.00000000000,P.S. 155 William Paca,2018-19,248,31,29,29,28,44,51,36,0,0,0,0,0,0,0,240,97%,95%
998513.624241922,228425.854222579,662,M168,0.00000000000,East Harlem Scholars Academy Charter School II,310000000000.00000000000,Charter,General Academic,Elementary,M013,1573 MADISON AVENUE,NY,40.79364900000,-73.94848800000,111,8,17401,0.00000000000,MN33,East Harlem South,OFFICE OF CHARTER SCHOOLS,84M168,0.00000000000,0.00000000000,East Harlem Scholars Academy Charter School II,2018-19,477,56,56,53,66,62,65,61,58,0,0,0,0,0,0,432,91%,88%
1000322.62360519,228322.785724192,672,M182,0.00000000000,The Bilingual Bicultural School,310000000000.00000000000,DOE,General Academic,Elementary,M083,219 EAST 109 STREET,NY,40.79336300000,-73.94195500000,111,8,18000,0.00000000000,MN34,East Harlem North,COMMUNITY SCHOOL DISTRICT 04,04M182,7.11718605611,12607881601900000.00000000000,The Bilingual Bicultural School,2018-19,314,29,29,37,50,56,53,60,0,0,0,0,0,0,0,302,96%,93%
990520.621072448,201548.938927485,678,M188,0.00000000000,P.S. 188 The Island School,310000000000.00000000000,DOE,General Academic,K-8,M188,442 EAST HOUSTON STREET,NY,40.71988800000,-73.97738000000,103,2,2000,0.00000000000,MN28,Lower East Side,COMMUNITY SCHOOL DISTRICT 01,01M188,93.50825321960,12882375554800000.00000000000,P.S. 188 The Island School,2018-19,407,16,24,37,32,49,39,55,48,54,53,0,0,0,0,381,94%,96%
1003485.65411986,229609.732061723,689,M206,0.00000000000,P.S. 206 Jose Celso Barbosa,310000000000.00000000000,DOE,General Academic,K-8,M206,508 EAST 120 STREET,NY,40.79688900000,-73.93052800000,111,8,19200,0.00000000000,MN34,East Harlem North,COMMUNITY SCHOOL DISTRICT 04,04M206,-89.55488331440,9651149179460000.00000000000,P.S. 206 Jose Celso Barbosa,2018-19,477,0,0,0,0,76,83,91,81,73,73,0,0,0,0,380,80%,87%
996320.426244327,213832.744272531,694,M217,0.00000000000,P.S./I.S. 217 Roosevelt Island,310000000000.00000000000,DOE,General Academic,K-8,M271,645 MAIN STREET,NY,40.75359800000,-73.95643500000,108,5,23801,0.00000000000,MN31,Lenox Hill-Roosevelt Island,COMMUNITY SCHOOL DISTRICT 02,02M217,170.90226988100,10025473256600000.00000000000,P.S./I.S. 217 Roosevelt Island,2018-19,617,31,95,89,68,73,85,88,29,31,28,0,0,0,0,204,33%,29%
1000269.5082637,225314.806121239,696,M224,0.00000000000,M.S. 224 Manhattan East School for Arts & Academic,310000000000.00000000000,DOE,General Academic,Junior High-Intermediate-Middle,M099,410 EAST 100 STREET,NY,40.78510700000,-73.94215400000,111,8,16200,0.00000000000,MN33,East Harlem South,COMMUNITY SCHOOL DISTRICT 04,04M224,41.35301962360,10272314359800000.00000000000,M.S. 224 Manhattan East School for Arts & Academic,2018-19,185,0,0,0,0,0,0,0,61,60,64,0,0,0,0,127,69%,71%
981234.470061985,201417.886569465,699,M234,0.00000000000,P.S. 234 Independence School,310000000000.00000000000,DOE,General Academic,Elementary,M234,292 GREENWICH STREET,NY,40.71953000000,-74.01088000000,101,1,3900,0.00000000000,MN24,SoHo-TriBeCa-Civic Center-Little Italy,COMMUNITY SCHOOL DISTRICT 02,02M234,-12.18053856980,10637090547100000.00000000000,P.S. 234 Independence School,2018-19,638,0,135,106,94,109,100,94,0,0,0,0,0,0,0,66,10%,8%
979410.651307159,196628.695647116,713,M276,0.00000000000,Battery Park City School,310000000000.00000000000,DOE,General Academic,K-8,M276,55 BATTERY PLACE,NY,40.70638400000,-74.01745600000,101,1,31704,0.00000000000,MN25,Battery Park City-Lower Manhattan,COMMUNITY SCHOOL DISTRICT 02,02M276,77.43265474350,12339854261500000.00000000000,Battery Park City School,2018-19,849,18,100,87,92,86,96,88,97,94,91,0,0,0,0,128,15%,16%
991845.064112707,210438.999388824,717,M281,0.00000000000,The River School,310000000000.00000000000,DOE,General Academic,Elementary,M281,425 EAST 35TH STREET,NY,40.74428800000,-73.97259200000,106,4,8601,0.00000000000,MN19,Turtle Bay-East Midtown,COMMUNITY SCHOOL DISTRICT 02,02M281,-62.23504003220,12562584468600000.00000000000,The River School,2018-19,338,36,74,77,51,40,28,32,0,0,0,0,0,0,0,102,30%,19%
980378.608658252,200499.895007976,723,M289,0.00000000000,I.S. 289,310000000000.00000000000,DOE,General Academic,Junior High-Intermediate-Middle,M089,201 WARREN STREET,NY,40.71701000000,-74.01396700000,101,1,31703,0.00000000000,MN25,Battery Park City-Lower Manhattan,COMMUNITY SCHOOL DISTRICT 02,02M289,20.10209327160,12928578634500000.00000000000,I.S. 289,2018-19,284,0,0,0,0,0,0,0,98,93,93,0,0,0,0,150,53%,48%
999302.42807694,224951.67438458,740,M310,0.00000000000,THE JUDITH S. KAYE HIGH SCHOOL,310000000000.00000000000,DOE,Transfer School,Secondary School,M646,321 EAST ��������������,NY,40.78411200000,-73.94564700000,111,8,15602,0.00000000000,MN33,East Harlem South,COMMUNITY SCHOOL DISTRICT 04,04M310,-174.86510435300,9785231227810000.00000000000,THE JUDITH S. KAYE HIGH SCHOOL,2018-19,101,0,0,0,0,0,0,0,0,0,0,17,38,29,17,76,75%,83%
990277.658247316,204335.643840174,745,M315,0.00000000000,The East Village Community School,310000000000.00000000000,DOE,General Academic,Elementary,M061,610 EAST ��������������,NY,40.72753700000,-73.97825400000,103,2,2800,0.00000000000,MN28,Lower East Side,COMMUNITY SCHOOL DISTRICT 01,01M315,161.77058120100,9956037959350000.00000000000,The East Village Community School,2018-19,333,36,50,49,50,50,53,45,0,0,0,0,0,0,0,90,27%,34%
990520.621072448,201548.938927485,754,M330,0.00000000000,Girls Preparatory Charter School of New York,310000000000.00000000000,Charter,General Academic,K-8,M188,442 EAST HOUSTON STREET,NY,40.71988800000,-73.97738000000,103,2,2000,0.00000000000,MN28,Lower East Side,OFFICE OF CHARTER SCHOOLS,84M330,0.00000000000,0.00000000000,Girls Preparatory Charter School of New York,2018-19,647,0,48,52,74,86,78,84,90,68,67,0,0,0,0,481,74%,78%
1002595.66813502,230474.702277632,758,M335,0.00000000000,Harlem Village Academy East Charter School,310000000000.00000000000,Charter,General Academic,K-12 all grades,M045,2351 FIRST AVENUE,NY,40.79926500000,-73.93374000000,111,8,19400,0.00000000000,MN34,East Harlem North,OFFICE OF CHARTER SCHOOLS,84M335,0.00000000000,0.00000000000,Harlem Village Academy East Charter School,2018-19,699,0,58,74,90,59,62,44,52,62,35,49,38,26,50,569,81%,81%
1000611.40171945,225479.713326436,760,M337,0.00000000000,New York Center for Autism Charter School,310000000000.00000000000,Charter,Special Education,Ungraded,M050,433 EAST 100 STREET,NY,40.78555900000,-73.94091900000,111,8,16200,0.00000000000,MN33,East Harlem South,OFFICE OF CHARTER SCHOOLS,84M337,0.00000000000,0.00000000000,New York Center for Autism Charter School,2018-19,39,0,9,0,4,2,1,4,0,0,3,5,5,3,3,35,90%,91%
983583.074005803,197498.971229344,764,M343,0.00000000000,The Peck Slip School,310000000000.00000000000,DOE,General Academic,Elementary,M343,1 PECK SLIP,NY,40.70877400000,-74.00240700000,101,1,1501,0.00000000000,MN25,Battery Park City-Lower Manhattan,COMMUNITY SCHOOL DISTRICT 02,02M343,23.52113911530,10977915861400000.00000000000,The Peck Slip School,2018-19,468,36,100,82,72,68,59,51,0,0,0,0,0,0,0,60,13%,10%
990277.658247316,204335.643840174,774,M361,0.00000000000,The Children's Workshop School,310000000000.00000000000,DOE,General Academic,Elementary,M061,610 EAST ��������������,NY,40.72753700000,-73.97825400000,103,2,2800,0.00000000000,MN28,Lower East Side,COMMUNITY SCHOOL DISTRICT 01,01M361,52.25138358150,11698080441800000.00000000000,The Children's Workshop School,2018-19,320,36,54,47,55,43,48,37,0,0,0,0,0,0,0,154,48%,53%
1000231.44282332,228028.707480853,781,M372,0.00000000000,Esperanza Preparatory Academy,310000000000.00000000000,DOE,General Academic,Secondary School,M117,240 EAST 109 STREET,NY,40.79255600000,-73.94228500000,111,8,17000,0.00000000000,MN33,East Harlem South,COMMUNITY SCHOOL DISTRICT 04,04M372,60.05270660660,12164721570500000.00000000000,Esperanza Preparatory Academy,2018-19,569,0,0,0,0,0,0,0,65,73,77,81,92,87,94,498,88%,92%
1001999.4866567,229833.757908173,786,M377,0.00000000000,Renaissance School of the Arts,310000000000.00000000000,DOE,General Academic,Junior High-Intermediate-Middle,M155,319 EAST 117 STREET,NY,40.79750700000,-73.93589500000,111,8,18800,0.00000000000,MN34,East Harlem North,COMMUNITY SCHOOL DISTRICT 04,04M377,72.81316512080,12383838713900000.00000000000,Renaissance School of the Arts,2018-19,168,0,0,0,0,0,0,0,75,57,36,0,0,0,0,159,95%,94%
999452.476558746,226796.027689854,788,M382,0.00000000000,DREAM Charter School,310000000000.00000000000,Charter,General Academic,K-12 all grades,MBMF,1991 SECOND AVENUE,NY,40.78917400000,-73.94510100000,111,8,16400,0.00000000000,MN33,East Harlem South,OFFICE OF CHARTER SCHOOLS,84M382,0.00000000000,0.00000000000,DREAM Charter School,2018-19,728,36,54,54,54,55,54,54,54,54,54,107,98,0,0,629,86%,85%
1000269.5082637,225314.806121239,790,M385,0.00000000000,Success Academy Charter School - Harlem 3,310000000000.00000000000,Charter,General Academic,K-12 all grades,M099,410 EAST 100 STREET,NY,40.78510700000,-73.94215400000,111,8,16200,0.00000000000,MN33,East Harlem South,OFFICE OF CHARTER SCHOOLS,84M385,0.00000000000,0.00000000000,Success Academy Charter School - Harlem 3,2018-19,1108,0,65,84,83,87,81,129,105,134,112,152,76,0,0,841,76%,77%
981144.52056763,196013.787376084,812,M418,0.00000000000,Millennium High School,310000000000.00000000000,DOE,General Academic,High school,M824,75 BROAD STREET,NY,40.70469700000,-74.01120200000,101,1,900,0.00000000000,MN25,Battery Park City-Lower Manhattan,,02M418,-139.38978327900,10059995806700000.00000000000,Millennium High School,2018-19,681,0,0,0,0,0,0,0,0,0,0,211,166,164,140,336,49%,47%
1000269.5082637,225314.806121239,822,M433,0.00000000000,Renaissance Charter High School for Innovation,310000000000.00000000000,Charter,General Academic,High school,M099,410 EAST 100 STREET,NY,40.78510700000,-73.94215400000,111,8,16200,0.00000000000,MN33,East Harlem South,OFFICE OF CHARTER SCHOOLS,84M433,0.00000000000,0.00000000000,Renaissance Charter High School for Innovation,2018-19,444,0,0,0,0,0,0,0,0,0,0,110,97,115,122,368,83%,88%
1002838.5155246,228623.701993326,823,M435,0.00000000000,Manhattan Center for Science and Mathematics,310000000000.00000000000,DOE,General Academic,High school,M435,260 PLEASANT AVENUE,NY,40.79418400000,-73.93286800000,111,8,17800,0.00000000000,MN34,East Harlem North,,04M435,29.84240446590,10674033885800000.00000000000,Manhattan Center for Science and Mathematics,2018-19,1650,0,0,0,0,0,0,0,0,0,0,412,441,421,376,1326,80%,75%
980391.419098333,200869.688433811,838,M475,0.00000000000,Stuyvesant High School,310000000000.00000000000,DOE,General Academic,High school,M477,345 CHAMBERS STREET,NY,40.71802500000,-74.01392100000,101,1,31703,0.00000000000,MN25,Battery Park City-Lower Manhattan,,02M475,67.11621357030,12295458255000000.00000000000,Stuyvesant High School,2018-19,3316,0,0,0,0,0,0,0,0,0,0,823,822,849,822,1384,42%,39%
999731.642100834,227166.732309909,848,M495,0.00000000000,Park East High School,310000000000.00000000000,DOE,General Academic,High school,M495,230 EAST 105 STREET,NY,40.79019100000,-73.94409200000,111,8,17000,0.00000000000,MN33,East Harlem South,,04M495,55.23716471020,13210656951000000.00000000000,Park East High School,2018-19,389,0,0,0,0,0,0,0,0,0,0,90,97,95,107,314,81%,76%
998513.624241922,228425.854222579,849,M497,0.00000000000,Central Park East I,310000000000.00000000000,DOE,General Academic,Elementary,M013,1573 MADISON AVENUE,NY,40.79364900000,-73.94848800000,111,8,17401,0.00000000000,MN33,East Harlem South,COMMUNITY SCHOOL DISTRICT 04,04M497,173.26279499900,13306383776900000.00000000000,Central Park East I,2018-19,189,33,25,22,21,29,33,26,0,0,0,0,0,0,0,83,44%,55%
1000177.50340817,227101.076433076,860,M518,0.00000000000,East Harlem Scholars Academy Charter School,310000000000.00000000000,Charter,General Academic,K-8,MBMC,2050 Second Avenue,NY,40.79001000000,-73.94248200000,111,8,17000,0.00000000000,MN33,East Harlem South,OFFICE OF CHARTER SCHOOLS,84M518,0.00000000000,0.00000000000,East Harlem Scholars Academy Charter School,2018-19,604,19,62,59,62,59,60,59,58,86,80,0,0,0,0,601,100%,85%
982949.866382087,203013.866888043,863,M522,0.00000000000,Broome Street Academy Charter School,310000000000.00000000000,Charter,General Academic,High school,MBDF,121 AVENUE OF THE AMERICAS,NY,40.72391100000,-74.00469200000,102,3,3700,0.00000000000,MN24,SoHo-TriBeCa-Civic Center-Little Italy,OFFICE OF CHARTER SCHOOLS,84M522,0.00000000000,0.00000000000,Broome Street Academy Charter School,2018-19,302,0,0,0,0,0,0,0,0,0,0,98,77,74,53,224,74%,80%
978997.597970135,190474.890528513,880,M551,0.00000000000,Urban Assembly New York Harbor School,310000000000.00000000000,DOE,Career Technical,High school,M877,"10 SOUTH STREET, SLIP 7",NY,40.68949300000,-74.01894100000,101,1,500,0.00000000000,MN99,park-cemetery-etc-Manhattan,,02M551,-109.04159786000,11291181846000000.00000000000,Urban Assembly New York Harbor School,2018-19,533,0,0,0,0,0,0,0,0,0,0,152,149,135,97,291,55%,53%
998513.624241922,228425.854222579,882,M555,0.00000000000,Central Park East High School,310000000000.00000000000,DOE,General Academic,High school,M013,1573 MADISON AVENUE,NY,40.79364900000,-73.94848800000,111,8,17401,0.00000000000,MN33,East Harlem South,,04M555,-164.33835985600,11451822616400000.00000000000,Central Park East High School,2018-19,508,0,0,0,0,0,0,0,0,0,0,148,142,110,108,396,78%,73%
998878.447517361,228164.843600725,891,M610,0.00000000000,Young Women's Leadership School,310000000000.00000000000,DOE,General Academic,Secondary School,M895,105 EAST 106TH STREET,NY,40.79293200000,-73.94717100000,111,8,17200,0.00000000000,MN33,East Harlem South,,04M610,-113.71444090900,9784761540680000.00000000000,Young Women's Leadership School,2018-19,480,0,0,0,0,0,0,0,55,56,55,78,83,81,72,375,78%,78%
999223.411581966,224650.685572514,895,M655,0.00000000000,Life Sciences Secondary School,310000000000.00000000000,DOE,General Academic,Secondary School,M645,320 EAST ��������������,NY,40.78328600000,-73.94593300000,108,5,15601,0.00000000000,MN32,Yorkville,,02M655,177.08020184400,11451639385500000.00000000000,Life Sciences Secondary School,2018-19,425,0,0,0,0,0,0,0,0,0,0,84,156,96,89,335,79%,85%
990877.535226746,200961.732789042,899,M696,0.00000000000,Bard High School Early College,310000000000.00000000000,DOE,General Academic,High school,M097,525 EAST HOUSTON STREET,NY,40.71827600000,-73.97609300000,103,2,1002,0.00000000000,MN28,Lower East Side,,01M696,-119.05249792500,13257997358600000.00000000000,Bard High School Early College,2018-19,615,0,0,0,0,0,0,0,0,0,0,173,169,128,145,247,40%,39%
999631.582407109,229065.944691815,901,M704,0.00000000000,Harbor Science and Arts Charter School,310000000000.00000000000,Charter,General Academic,K-8,MAIV,132 EAST 111 STREET,NY,40.79540400000,-73.94444900000,111,8,17200,0.00000000000,MN33,East Harlem South,OFFICE OF CHARTER SCHOOLS,84M704,0.00000000000,0.00000000000,Harbor Science and Arts Charter School,2018-19,283,0,27,24,31,35,32,29,34,35,36,0,0,0,0,216,76%,80%
999783.527475116,227436.73729104,902,M705,0.00000000000,Amber Charter School,310000000000.00000000000,Charter,General Academic,Elementary,M170,220 EAST 106 STREET,NY,40.79093200000,-73.94390400000,111,8,17000,0.00000000000,MN33,East Harlem South,OFFICE OF CHARTER SCHOOLS,84M705,0.00000000000,0.00000000000,Amber Charter School,2018-19,520,0,115,101,91,80,68,65,0,0,0,0,0,0,0,428,82%,79%
979859.474563641,196344.797306081,903,M707,0.00000000000,John V. Lindsay Wildcat Academy Charter School,310000000000.00000000000,Charter,Transfer School,High school,MAEG,17 BATTERY PLACE,NY,40.70560500000,-74.01583700000,101,1,1300,0.00000000000,MN25,Battery Park City-Lower Manhattan,OFFICE OF CHARTER SCHOOLS,84M707,0.00000000000,0.00000000000,John V. Lindsay Wildcat Academy Charter School,2018-19,503,0,0,0,0,0,0,0,0,0,0,166,101,178,58,424,84%,88%
1002838.5155246,228623.701993326,910,M825,0.00000000000,Isaac Newton Middle School for Math & Science,310000000000.00000000000,DOE,General Academic,Junior High-Intermediate-Middle,M435,260 PLEASANT AVENUE,NY,40.79418400000,-73.93286800000,111,8,17800,0.00000000000,MN34,East Harlem North,COMMUNITY SCHOOL DISTRICT 04,04M825,-2.91060000574,10307151725100000.00000000000,Isaac Newton Middle School for Math & Science,2018-19,240,0,0,0,0,0,0,0,99,82,59,0,0,0,0,212,88%,89%
1000611.40171945,225479.713326436,918,M964,0.00000000000,Central Park East II,310000000000.00000000000,DOE,General Academic,K-8,M050,433 EAST 100 STREET,NY,40.78555900000,-73.94091900000,111,8,16200,0.00000000000,MN33,East Harlem South,COMMUNITY SCHOOL DISTRICT 04,04M964,143.02321732900,11822150346100000.00000000000,Central Park East II,2018-19,483,31,41,44,48,52,57,57,49,55,49,0,0,0,0,248,51%,64%
1041237.41177055,155880.800305216,954,Q042,0.00000000000,P.S./M.S 042 R. Vernam,343000000000.00000000000,DOE,General Academic,K-8,Q042,488 BEACH ��������������,NY,40.59435800000,-73.79480400000,414,31,96400,0.00000000000,QN12,Hammels-Arverne-Edgemere,COMMUNITY SCHOOL DISTRICT 27,27Q042,-25.48874388500,0.00037881378,P.S./M.S 042 R. Vernam,2018-19,642,57,57,71,75,65,73,62,69,51,62,0,0,0,0,609,95%,88%
1050602.42210878,155584.661289814,955,Q043,0.00000000000,P.S. 043,343000000000.00000000000,DOE,General Academic,K-8,Q043,160 BEACH ��������������,NY,40.59348000000,-73.76108600000,414,31,99802,0.00000000000,QN15,Far Rockaway-Bayswater,COMMUNITY SCHOOL DISTRICT 27,27Q043,-25.48874388500,0.00038783316,P.S. 043,2018-19,896,88,83,83,91,97,103,120,87,78,66,0,0,0,0,836,93%,86%
1033928.53820103,160279.683796291,958,Q047,0.00000000000,P.S. 047 Chris Galas,343000000000.00000000000,DOE,General Academic,K-8,Q047,9 POWER ROAD,NY,40.60647600000,-73.82108900000,414,32,107201,0.00000000000,QN10,Breezy Point-Belle Harbor-Rockaway Park-Broad Channel,COMMUNITY SCHOOL DISTRICT 27,27Q047,-25.48874388500,0.00042391066,P.S. 047 Chris Galas,2018-19,244,31,20,29,28,20,35,29,26,15,11,0,0,0,0,106,43%,35%
996116.493183645,210469.858119386,988,Q078,0.00000000000,P.S./I.S. 78Q,343000000000.00000000000,DOE,General Academic,K-8,Q868,48-09 CENTER BOULEVARD,NY,40.74436800000,-73.95717700000,402,26,100,0.00000000000,QN31,Hunters Point-Sunnyside-West Maspeth,COMMUNITY SCHOOL DISTRICT 30,30Q078,-7.48874388521,0.00070351131,P.S./I.S. 78Q,2018-19,737,37,99,116,87,92,84,85,50,43,44,0,0,0,0,171,23%,20%
1045080.4657752,156455.90516212,1014,Q105,0.00000000000,P.S. 105 The Bay School,343000000000.00000000000,DOE,General Academic,K-8,Q105,420 BEACH ��������������,NY,40.59591100000,-73.78096100000,414,31,97203,0.00000000000,QN12,Hammels-Arverne-Edgemere,COMMUNITY SCHOOL DISTRICT 27,27Q105,-25.48873492590,0.00004509688,P.S. 105 The Bay School,2018-19,832,34,91,85,73,82,111,94,97,83,82,0,0,0,0,735,88%,93%
1049001.51893231,156038.670572542,1015,Q106,0.00000000000,Lighthouse Elementary School,343000000000.00000000000,DOE,General Academic,Elementary,Q106,180 BEACH ��������������,NY,40.59473800000,-73.76684600000,414,31,99200,0.00000000000,QN12,Hammels-Arverne-Edgemere,COMMUNITY SCHOOL DISTRICT 27,27Q106,-25.48873492590,0.00005411626,Lighthouse Elementary School,2018-19,209,17,26,33,38,20,43,32,0,0,0,0,0,0,0,199,95%,95%
1024706.61249347,149724.838512827,1023,Q114,0.00000000000,P.S./M.S. 114 Belle Harbor,343000000000.00000000000,DOE,General Academic,K-8,Q114,134-01 CRONSTON AVENUE,NY,40.57755200000,-73.85436400000,414,32,92800,0.00000000000,QN10,Breezy Point-Belle Harbor-Rockaway Park-Broad Channel,COMMUNITY SCHOOL DISTRICT 27,27Q114,-25.48873492590,0.00012627126,P.S./M.S. 114 Belle Harbor,2018-19,678,36,95,78,89,83,104,76,48,28,41,0,0,0,0,174,26%,17%
1003643.60607898,218358.860748804,1035,Q126,0.00000000000,Albert Shanker School for Visual and Performing Ar,343000000000.00000000000,DOE,General Academic,Junior High-Intermediate-Middle,Q126,31-51 21 STREET,NY,40.76600800000,-73.92999000000,401,22,7700,0.00000000000,QN70,Astoria,COMMUNITY SCHOOL DISTRICT 30,30Q126,-7.48873492592,0.00023450377,Albert Shanker School for Visual and Performing Ar,2018-19,692,0,0,0,0,0,0,0,221,238,233,0,0,0,0,587,85%,79%
1030057.64112458,179965.80694897,1054,Q146,0.00000000000,P.S. 146 Howard Beach,343000000000.00000000000,DOE,General Academic,K-8,Q146,98-01 159 AVENUE,NY,40.66053100000,-73.83489600000,410,32,88400,0.00000000000,QN57,Lindenwood-Howard Beach,COMMUNITY SCHOOL DISTRICT 27,27Q146,-25.48873492600,0.00041489129,P.S. 146 Howard Beach,2018-19,623,33,51,51,55,75,78,87,66,72,55,0,0,0,0,290,47%,28%
1003890.63025144,220150.850333402,1078,Q171,0.00000000000,P.S. 171 Peter G. Van Alst,343000000000.00000000000,DOE,General Academic,Elementary,Q171,14-14 29 AVENUE,NY,40.77092600000,-73.92909300000,401,22,8300,0.00000000000,QN71,Old Astoria,COMMUNITY SCHOOL DISTRICT 30,30Q171,-7.48873492616,0.00064037569,P.S. 171 Peter G. Van Alst,2018-19,465,50,68,68,65,69,63,82,0,0,0,0,0,0,0,429,92%,87%
1038169.42791611,154001.899337226,1088,Q183,0.00000000000,P.S. 183 Dr. Richard R. Green,343000000000.00000000000,DOE,General Academic,K-8,Q183,2-45 BEACH ��������������,NY,40.58922000000,-73.80586600000,414,31,94202,0.00000000000,QN12,Hammels-Arverne-Edgemere,COMMUNITY SCHOOL DISTRICT 27,27Q183,-25.48873492630,0.00074860820,P.S. 183 Dr. Richard R. Green,2018-19,484,41,44,66,46,41,47,54,52,47,46,0,0,0,0,439,91%,88%
1057610.41039886,177158.79730249,1099,Q195,0.00000000000,P.S. 195 William Haberle,343000000000.00000000000,DOE,General Academic,Elementary,Q195,253-50 149 AVENUE,NY,40.65264100000,-73.73561800000,413,31,66400,0.00000000000,QN05,Rosedale,COMMUNITY SCHOOL DISTRICT 29,29Q195,-13.48873492640,0.00085684071,P.S. 195 William Haberle,2018-19,531,52,79,76,78,86,83,77,0,0,0,0,0,0,0,441,83%,55%
1055305.46265144,157850.940960631,1101,Q197,0.00000000000,P.S. 197 The Ocean School,343000000000.00000000000,DOE,General Academic,Elementary,Q197,825 HICKSVILLE ROAD,NY,40.59966400000,-73.74412800000,414,31,101002,0.00000000000,QN15,Far Rockaway-Bayswater,COMMUNITY SCHOOL DISTRICT 27,27Q197,-25.48873492640,0.00087487946,P.S. 197 The Ocean School,2018-19,523,81,73,68,64,65,101,71,0,0,0,0,0,0,0,499,95%,82%
1027566.6174309,178942.941619978,1110,Q207,0.00000000000,P.S. 207 Rockwood Park,343000000000.00000000000,DOE,General Academic,K-8,Q207,159-15 88 STREET,NY,40.65773600000,-73.84388100000,410,32,89200,0.00000000000,QN57,Lindenwood-Howard Beach,COMMUNITY SCHOOL DISTRICT 27,27Q207,-25.48872596690,0.00006313563,P.S. 207 Rockwood Park,2018-19,690,78,74,76,72,64,79,69,64,46,68,0,0,0,0,203,29%,15%
1025691.51924745,181734.800256107,1131,Q232,0.00000000000,P.S. 232 Lindenwood,343000000000.00000000000,DOE,General Academic,K-8,Q232,153-23 83 STREET,NY,40.66540800000,-73.85062200000,410,32,6202,0.00000000000,QN57,Lindenwood-Howard Beach,COMMUNITY SCHOOL DISTRICT 27,27Q232,-25.48872596690,0.00028862003,P.S. 232 Lindenwood,2018-19,949,33,86,79,106,97,99,115,121,103,110,0,0,0,0,537,57%,52%
1030783.4196114,219759.794066788,1141,Q242,0.00000000000,P.S. 242 Leonard P. Stavisky Early Childhood Schoo,343000000000.00000000000,DOE,General Academic,Early Childhood,Q242,29-66 137 STREET,NY,40.76975200000,-73.83200500000,407,20,88901,0.00000000000,QN22,Flushing,COMMUNITY SCHOOL DISTRICT 25,25Q242,-37.48872596700,0.00037881379,P.S. 242 Leonard P. Stavisky Early Childhood Schoo,2018-19,397,35,117,97,82,66,0,0,0,0,0,0,0,0,0,263,66%,59%
1049786.6181396,158517.830817737,1154,Q260,0.00000000000,Frederick Douglass Academy VI High School,343000000000.00000000000,DOE,General Academic,High school,Q465,8-21 BAY 25 STREET,NY,40.60153700000,-73.76399500000,414,31,100802,0.00000000000,QN15,Far Rockaway-Bayswater,,27Q260,-25.48872596710,0.00054116256,Frederick Douglass Academy VI High School,2018-19,346,0,0,0,0,0,0,0,0,0,0,112,108,51,75,260,75%,87%
1032769.42023197,152821.773913893,1156,Q262,0.00000000000,Channel View School for Research,343000000000.00000000000,DOE,General Academic,Secondary School,Q410,100-00 BEACH CHANNEL DRIVE,NY,40.58601200000,-73.82531700000,414,32,93800,0.00000000000,QN10,Breezy Point-Belle Harbor-Rockaway Park-Broad Channel,,27Q262,-25.48872596710,0.00055920131,Channel View School for Research,2018-19,967,0,0,0,0,0,0,0,146,133,135,155,152,127,119,687,71%,63%
1049786.6181396,158517.830817737,1169,Q282,0.00000000000,Knowledge and Power Preparatory Academy VI,343000000000.00000000000,DOE,General Academic,Junior High-Intermediate-Middle,Q465,8-21 BAY 25 STREET,NY,40.60153700000,-73.76399500000,414,31,100802,0.00000000000,QN15,Far Rockaway-Bayswater,COMMUNITY SCHOOL DISTRICT 27,27Q282,-25.48872596730,0.00073958883,Knowledge and Power Preparatory Academy VI,2018-19,264,0,0,0,0,0,0,0,90,91,83,0,0,0,0,223,85%,72%
995560.876524394,209958.07095262,1177,Q291,0.00000000000,Hunters Point Community Middle School,343000000000.00000000000,DOE,General Academic,Junior High-Intermediate-Middle,Q404,1-50 51ST AVENUE,NY,40.74296400000,-73.95918300000,402,26,100,0.00000000000,QN31,Hunters Point-Sunnyside-West Maspeth,COMMUNITY SCHOOL DISTRICT 30,30Q291,-7.48872596734,0.00082076322,Hunters Point Community Middle School,2018-19,427,0,0,0,0,0,0,0,129,146,152,0,0,0,0,229,54%,55%
995560.876524394,209958.07095262,1186,Q301,0.00000000000,Academy for Careers in Television and Film,343000000000.00000000000,DOE,Career Technical,High school,Q404,1-50 51ST AVENUE,NY,40.74296400000,-73.95918300000,402,26,100,0.00000000000,QN31,Hunters Point-Sunnyside-West Maspeth,,30Q301,-7.48871700789,0.00000901938,Academy for Careers in Television and Film,2018-19,562,0,0,0,0,0,0,0,0,0,0,145,146,134,137,313,56%,53%
1049786.6181396,158517.830817737,1187,Q302,0.00000000000,"Queens High School for Information, Research, and",343000000000.00000000000,DOE,General Academic,High school,Q465,8-21 BAY 25 STREET,NY,40.60153700000,-73.76399500000,414,31,100802,0.00000000000,QN15,Far Rockaway-Bayswater,,27Q302,-25.48871700790,0.00001803875,"Queens High School for Information, Research, and",2018-19,466,0,0,0,0,0,0,0,0,0,0,104,118,132,112,322,69%,80%
1049786.6181396,158517.830817737,1194,Q309,0.00000000000,Academy of Medical Technology: A College Board Sch,343000000000.00000000000,DOE,General Academic,Secondary School,Q465,8-21 BAY 25 STREET,NY,40.60153700000,-73.76399500000,414,31,100802,0.00000000000,QN15,Far Rockaway-Bayswater,,27Q309,-25.48871700790,0.00008117439,Academy of Medical Technology: A College Board Sch,2018-19,626,0,0,0,0,0,0,0,81,77,68,123,104,95,78,515,82%,83%
1031169.53076018,150958.753685724,1202,Q317,0.00000000000,Waterside Children's Studio School,343000000000.00000000000,DOE,General Academic,Elementary,Q225,190 BEACH 110 STREET,NY,40.58090700000,-73.83109000000,414,32,93800,0.00000000000,QN10,Breezy Point-Belle Harbor-Rockaway Park-Broad Channel,COMMUNITY SCHOOL DISTRICT 27,27Q317,-25.48871700790,0.00015332939,Waterside Children's Studio School,2018-19,517,53,79,74,73,71,86,81,0,0,0,0,0,0,0,361,70%,62%
1031169.53076018,150958.753685724,1203,Q318,0.00000000000,Waterside School For Leadership,343000000000.00000000000,DOE,General Academic,Junior High-Intermediate-Middle,Q225,190 BEACH 110 STREET,NY,40.58090700000,-73.83109000000,414,32,93800,0.00000000000,QN10,Breezy Point-Belle Harbor-Rockaway Park-Broad Channel,COMMUNITY SCHOOL DISTRICT 27,27Q318,-25.48871700790,0.00016234877,Waterside School For Leadership,2018-19,244,0,0,0,0,0,0,0,81,82,81,0,0,0,0,216,89%,78%
1032813.54034248,152286.667396074,1207,Q323,0.00000000000,Scholars' Academy,343000000000.00000000000,DOE,General Academic,Secondary School,Q180,320 BEACH 104TH STREET,NY,40.58454300000,-73.82516200000,414,32,93800,0.00000000000,QN10,Breezy Point-Belle Harbor-Rockaway Park-Broad Channel,COMMUNITY SCHOOL DISTRICT 27,27Q323,-25.48871700790,0.00020744565,Scholars' Academy,2018-19,1351,0,0,0,0,0,0,0,198,231,231,165,188,181,157,637,47%,33%
1032769.42023197,152821.773913893,1208,Q324,0.00000000000,Rockaway Park High School for Environmental Sustai,343000000000.00000000000,DOE,General Academic,High school,Q410,100-00 BEACH CHANNEL DRIVE,NY,40.58601200000,-73.82531700000,414,32,93800,0.00000000000,QN10,Breezy Point-Belle Harbor-Rockaway Park-Broad Channel,,27Q324,-25.48871700790,0.00021646503,Rockaway Park High School for Environmental Sustai,2018-19,304,0,0,0,0,0,0,0,0,0,0,107,75,51,71,274,90%,84%
1043502.5237062,155758.697463586,1216,Q333,0.00000000000,Goldie Maple Academy,343000000000.00000000000,DOE,General Academic,K-8,Q198,3-65 BEACH 56 STREET,NY,40.59400800000,-73.78664900000,414,31,97204,0.00000000000,QN12,Hammels-Arverne-Edgemere,COMMUNITY SCHOOL DISTRICT 27,27Q333,-25.48871700790,0.00029763941,Goldie Maple Academy,2018-19,399,36,43,52,50,36,57,40,34,30,21,0,0,0,0,268,67%,73%
1056725.97869768,178311.067825148,1218,Q337,0.00000000000,Success Academy Charter School - Rosedale - New Yo,343000000000.00000000000,Charter,General Academic,Elementary,Q374,147-65 249TH STREET,NY,40.65581100000,-73.73879300000,413,31,66400,0.00000000000,QN05,Rosedale,OFFICE OF CHARTER SCHOOLS,84Q337,0.00000000000,0.00000000000,Success Academy Charter School - Rosedale - New Yo,2018-19,450,0,92,93,91,86,88,0,0,0,0,0,0,0,0,298,66%,49%
1049768.55366064,158007.724498824,1221,Q340,0.00000000000,Challenge Preparatory Charter School,343000000000.00000000000,Charter,General Academic,K-8,QAAT,710 HARTMAN LANE,NY,40.60013700000,-73.76406500000,414,31,100802,0.00000000000,QN15,Far Rockaway-Bayswater,OFFICE OF CHARTER SCHOOLS,84Q340,0.00000000000,0.00000000000,Challenge Preparatory Charter School,2018-19,789,0,98,97,99,96,73,73,77,81,95,0,0,0,0,626,79%,72%
1032769.42023197,152821.773913893,1227,Q351,0.00000000000,Rockaway Collegiate High School,343000000000.00000000000,DOE,General Academic,High school,Q410,100-00 BEACH CHANNEL DRIVE,NY,40.58601200000,-73.82531700000,414,32,93800,0.00000000000,QN10,Breezy Point-Belle Harbor-Rockaway Park-Broad Channel,,27Q351,-25.48871700800,0.00045998818,Rockaway Collegiate High School,2018-19,306,0,0,0,0,0,0,0,0,0,0,94,92,62,58,247,81%,80%
1032769.42023197,152821.773913893,1237,Q373,0.00000000000,New Visions Charter High School for the Humanities,343000000000.00000000000,Charter,General Academic,High school,Q410,100-00 BEACH CHANNEL DRIVE,NY,40.58601200000,-73.82531700000,414,32,93800,0.00000000000,QN10,Breezy Point-Belle Harbor-Rockaway Park-Broad Channel,OFFICE OF CHARTER SCHOOLS,84Q373,0.00000000000,0.00000000000,New Visions Charter High School for the Humanities,2018-19,189,0,0,0,0,0,0,0,0,0,0,106,83,0,0,145,77%,69%
1002558.60789272,218311.747576651,1254,Q450,0.00000000000,Long Island City High School,343000000000.00000000000,DOE,General Academic,High school,Q452,14-30 BROADWAY,NY,40.76588100000,-73.93390700000,401,22,4500,0.00000000000,QN70,Astoria,,30Q450,-7.48870804903,0.00045096881,Long Island City High School,2018-19,2252,0,0,0,0,0,0,0,0,0,0,875,561,447,369,1853,82%,79%
956558.562898918,149406.762944588,1298,R002,0.00000000000,I.S. R002 George L. Egbert,353000000000.00000000000,DOE,General Academic,Junior High-Intermediate-Middle,R002,333 MIDLAND AVENUE,NY,40.57672800000,-74.09968500000,502,50,11202,0.00000000000,SI45,New Dorp-Midland Beach,COMMUNITY SCHOOL DISTRICT 31,31R002,-1.48874388488,0.00001803875,I.S. R002 George L. Egbert,2018-19,1064,0,0,0,0,0,0,0,353,386,325,0,0,0,0,736,69%,62%
934774.870138307,160508.070817658,1308,R012,0.00000000000,New Ventures Charter School,353000000000.00000000000,Charter,General Academic,High school,RAHR,1 TELEPORT DRIVE,NY,40.60710400000,-74.17818300000,502,50,29103,0.00000000000,SI05,New Springville-Bloomfield-Travis,OFFICE OF CHARTER SCHOOLS,84R012,0.00000000000,0.00000000000,New Ventures Charter School,2018-19,125,0,0,0,0,0,0,0,0,0,0,2,45,58,20,76,61%,64%
956634.43628156,148703.89389162,1330,R038,0.00000000000,P.S. 038 George Cromwell,353000000000.00000000000,DOE,General Academic,Elementary,R038,421 LINCOLN AVENUE,NY,40.57479900000,-74.09940900000,502,50,11202,0.00000000000,SI45,New Dorp-Midland Beach,COMMUNITY SCHOOL DISTRICT 31,31R038,-1.48874388496,0.00034273628,P.S. 038 George Cromwell,2018-19,364,34,67,55,40,67,42,59,0,0,0,0,0,0,0,253,70%,61%
949703.635696966,143668.669248902,1340,R050,0.00000000000,P.S. 050 Frank Hankinson,353000000000.00000000000,DOE,General Academic,Elementary,R050,200 ADELAIDE AVENUE,NY,40.56095400000,-74.12433200000,503,50,13204,0.00000000000,SI25,Oakwood-Oakwood Beach,COMMUNITY SCHOOL DISTRICT 31,31R050,-1.48874388502,0.00045096879,P.S. 050 Frank Hankinson,2018-19,725,36,92,122,100,118,123,134,0,0,0,0,0,0,0,365,50%,32%
959525.606364593,151524.667598943,1342,R052,0.00000000000,P.S. 052 John C. Thompson,353000000000.00000000000,DOE,General Academic,Elementary,R052,450 BUEL AVENUE,NY,40.58255000000,-74.08901200000,502,50,11201,0.00000000000,SI36,Old Town-Dongan Hills-South Beach,COMMUNITY SCHOOL DISTRICT 31,31R052,-1.48874388503,0.00046900754,P.S. 052 John C. Thompson,2018-19,581,63,96,102,74,82,85,79,0,0,0,0,0,0,0,362,62%,52%
934774.870138307,160508.070817658,1356,R067,0.00000000000,John W. Lavelle Preparatory Charter School,353000000000.00000000000,Charter,General Academic,K-12 all grades,RAHR,1 TELEPORT DRIVE,NY,40.60710400000,-74.17818300000,502,50,29103,0.00000000000,SI05,New Springville-Bloomfield-Travis,OFFICE OF CHARTER SCHOOLS,84R067,0.00000000000,0.00000000000,John W. Lavelle Preparatory Charter School,2018-19,752,0,0,0,0,76,69,74,129,102,80,67,54,57,44,558,74%,69%
934774.870138307,160508.070817658,1359,R070,0.00000000000,Lois and Richard Nicotra Early College Charter Sch,353000000000.00000000000,Charter,General Academic,Secondary School,RAHR,1 TELEPORT DRIVE,NY,40.60710400000,-74.17818300000,502,50,29103,0.00000000000,SI05,New Springville-Bloomfield-Travis,OFFICE OF CHARTER SCHOOLS,84R070,0.00000000000,0.00000000000,Lois and Richard Nicotra Early College Charter Sch,2018-19,83,0,0,0,0,0,0,0,0,0,43,40,0,0,0,58,70%,69%
1044140.57701677,246968.9497336,1503,X175,0.00000000000,P.S. 175 City Island,321000000000.00000000000,DOE,General Academic,K-8,X175,200 CITY ISLAND AVENUE,NY,40.84435300000,-73.78354000000,210,13,51600,0.00000000000,BX10,Pelham Bay-Country Club-City Island,COMMUNITY SCHOOL DISTRICT 11,11X175,-121.48873492600,0.00067645319,P.S. 175 City Island,2018-19,312,0,27,23,35,43,35,25,42,29,53,0,0,0,0,159,51%,38%
1005939.51760516,249836.486446696,1543,X229,0.00000000000,I.S. 229 Roland Patterson,321000000000.00000000000,DOE,General Academic,Junior High-Intermediate-Middle,X229,275 HARLEM RIVER PARK BRIDGE,NY,40.85240000000,-73.92160000000,205,16,5300,0.00000000000,BX36,University Heights-Morris Heights,COMMUNITY SCHOOL DISTRICT 09,09X229,-133.48872596700,0.00026156190,I.S. 229 Roland Patterson,2018-19,243,0,0,0,0,0,0,0,79,83,81,0,0,0,0,228,94%,96%
1005939.51760516,249836.486446696,1574,X274,0.00000000000,The New American Academy at Roberto Clemente State,321000000000.00000000000,DOE,General Academic,Elementary,X229,275 HARLEM RIVER PARK BRIDGE,NY,40.85240000000,-73.92160000000,205,16,5300,0.00000000000,BX36,University Heights-Morris Heights,COMMUNITY SCHOOL DISTRICT 09,09X274,-133.48872596700,0.00066743383,The New American Academy at Roberto Clemente State,2018-19,714,63,97,114,111,117,108,104,0,0,0,0,0,0,0,698,98%,96%
1028637.66894956,245267.659903819,1586,X293,0.00000000000,Renaissance High School for Musical Theater and th,321000000000.00000000000,DOE,General Academic,High school,X405,3000 EAST TREMONT AVENUE,NY,40.83977500000,-73.83958300000,210,13,19400,0.00000000000,BX52,Schuylerville-Throgs Neck-Edgewater Park,,08X293,-139.48872596700,0.00083880197,Renaissance High School for Musical Theater and th,2018-19,460,0,0,0,0,0,0,0,0,0,0,126,120,116,98,329,72%,77%
1028637.66894956,245267.659903819,1610,X320,0.00000000000,Pelham Lab High School,321000000000.00000000000,DOE,General Academic,High school,X405,3000 EAST TREMONT AVENUE,NY,40.83977500000,-73.83958300000,210,13,19400,0.00000000000,BX52,Schuylerville-Throgs Neck-Edgewater Park,,08X320,-139.48871700800,0.00018038752,Pelham Lab High School,2018-19,475,0,0,0,0,0,0,0,0,0,0,143,152,100,80,346,73%,80%
1028637.66894956,245267.659903819,1630,X348,0.00000000000,Schuylerville Preparatory High School,321000000000.00000000000,DOE,General Academic,High school,X405,3000 EAST TREMONT AVENUE,NY,40.83977500000,-73.83958300000,210,13,19400,0.00000000000,BX52,Schuylerville-Throgs Neck-Edgewater Park,,08X348,-139.48871700800,0.00043293005,Schuylerville Preparatory High School,2018-19,360,0,0,0,0,0,0,0,0,0,0,101,105,78,76,246,68%,76%
1028637.66894956,245267.659903819,1631,X349,0.00000000000,Bronx River High School,321000000000.00000000000,DOE,General Academic,High school,X405,3000 EAST TREMONT AVENUE,NY,40.83977500000,-73.83958300000,210,13,19400,0.00000000000,BX52,Schuylerville-Throgs Neck-Edgewater Park,,08X349,-139.48871700800,0.00044194943,Bronx River High School,2018-19,425,0,0,0,0,0,0,0,0,0,0,124,131,117,53,345,81%,85%
1028637.66894956,245267.659903819,1675,X405,0.00000000000,Herbert H. Lehman High School,321000000000.00000000000,DOE,General Academic,High school,X405,3000 EAST TREMONT AVENUE,NY,40.83977500000,-73.83958300000,210,13,19400,0.00000000000,BX52,Schuylerville-Throgs Neck-Edgewater Park,,08X405,-139.48870804900,0.00004509688,Herbert H. Lehman High School,2018-19,794,0,0,0,0,0,0,0,0,0,0,361,183,132,118,615,78%,77%
1017135.412716,238221.628482021,1755,X537,0.00000000000,Bronx Arena High School,321000000000.00000000000,DOE,Transfer School,High school,X972,1440 STORY AVENUE,NY,40.82048600000,-73.88118700000,209,17,2800,0.00000000000,BX09,Soundview-Castle Hill-Clason Point-Harding Park,,08X537,-139.48869909000,0.00033371693,Bronx Arena High School,2018-19,193,0,0,0,0,0,0,0,0,0,0,46,75,50,22,174,90%,89%
1028637.66894956,245267.659903819,1772,X558,0.00000000000,Westchester Square Academy,321000000000.00000000000,DOE,General Academic,High school,X405,3000 EAST TREMONT AVENUE,NY,40.83977500000,-73.83958300000,210,13,19400,0.00000000000,BX52,Schuylerville-Throgs Neck-Edgewater Park,,08X558,-139.48869909000,0.00052312383,Westchester Square Academy,2018-19,554,0,0,0,0,0,0,0,0,0,0,177,153,110,114,439,79%,73%
