BLD_CODE,LAT,LON,FLOOD_2020,FLOOD_2050,Sum of TOT_ENRO,NEW SCHOOLS,OTHER,FLOOD,PENETRATION,ROOF,SANDY,MIT_BUDGET,TOT_BUDGET
K001,40.648959,-74.01142,0,0,1199,0,1950463,0,0,0,0,0,1950463
K002,40.656423,-73.951575,0,0,1351,0,7250724,0,0,3401151,0,3401151,10651875
K003,40.682311,-73.955219,0,0,360,0,706593,0,0,0,0,0,706593
K005,40.685241,-73.92197,0,0,216,0,845798,0,0,0,0,0,845798
K006,40.648973,-73.956279,0,0,649,0,322833,0,0,0,0,0,322833
K007,40.689213,-73.872983,0,0,823,0,1439438,0,0,0,0,0,1439438
K008,40.700709,-73.992841,0,0,901,0,120564,0,0,0,0,0,120564
K009,40.678554,-73.966333,0,0,942,0,115255,0,0,0,0,0,115255
K010,40.660912,-73.985946,0,0,951,0,0,0,0,0,0,0,0
K011,40.685896,-73.96589,0,0,894,0,608419,8733361,0,0,0,8733361,9341780
K012,40.673124,-73.920095,0,0,448,0,1174691,0,0,0,0,0,1174691
K013,40.664067,-73.893328,0,0,1560,0,1489392,0,0,0,0,0,1489392
K014,40.593232,-73.938107,1,1,527,0,1187397,0,10962068,0,0,10962068,12149465
K015,40.677085,-74.011864,1,1,485,0,373151,0,0,9438693,0,9438693,9811844
K016,40.706069,-73.962049,0,0,552,0,174883,4826340,0,0,0,4826340,5001223
K017,40.715268,-73.9573,0,0,785,0,21786376,0,0,0,0,0,21786376
K018,40.71088,-73.946695,0,0,194,0,0,0,0,0,0,0,0
K019,40.710107,-73.954678,0,0,616,0,65000,0,0,0,0,0,65000
K020,40.690742,-73.970896,0,0,1009,0,887087,0,0,0,0,0,887087
K021,40.68035,-73.926673,0,0,574,0,1016262,0,0,0,0,0,1016262
K022,40.6771,-73.960093,0,0,864,0,2696960,0,0,0,0,0,2696960
K023,40.69447,-73.947256,0,0,505,0,923700,0,0,0,0,0,923700
K024,40.652832,-74.004533,0,0,615,0,2626966,0,0,0,0,0,2626966
K025,40.691472,-73.940749,0,0,82,0,2876442,0,0,0,0,0,2876442
K026,40.6921,-73.9317,0,0,438,0,2406992,0,0,0,0,0,2406992
K027,40.677914,-74.005151,1,1,445,0,2317379,0,0,0,0,0,2317379
K028,40.678238,-73.919847,0,0,116,0,200000,0,0,0,0,0,200000
K029,40.686843,-73.997447,0,0,950,0,217882,0,0,0,0,0,217882
K031,40.72697,-73.954139,0,1,619,0,422920,0,0,0,0,0,422920
K032,40.680159,-73.991141,0,0,480,0,88329010,0,0,0,0,0,88329010
K033,40.696698,-73.947557,0,0,1012,0,14776901,0,0,0,0,0,14776901
K034,40.726378,-73.949756,0,0,471,0,0,0,0,0,0,0,0
K035,40.681528,-73.935891,0,0,511,0,12007377,0,0,0,0,0,12007377
K038,40.684945,-73.982826,0,0,613,0,16011,0,0,2048471,0,2048471,2064482
K039,40.668644,-73.982909,0,0,412,0,69737,0,0,0,0,0,69737
K040,40.680239,-73.921099,0,0,348,0,822934,0,0,2805448,0,2805448,3628382
K041,40.660455,-73.906925,0,0,402,0,10166823,0,0,0,0,0,10166823
K043,40.583893,-73.954047,1,1,1561,0,569024,0,0,0,0,0,569024
K044,40.686213,-73.940859,0,0,624,0,124228,0,0,0,0,0,124228
K045,40.686424,-73.91043,0,0,621,0,2113839,0,0,0,0,0,2113839
K046,40.69453,-73.971644,0,0,475,0,826562,0,0,0,0,0,826562
K048,40.621481,-73.987165,0,0,565,0,624079,12008306,0,0,0,12008306,12632385
K049,40.709765,-73.944463,0,0,1471,0,303449,0,0,0,0,0,303449
K050,40.711915,-73.960137,0,0,750,0,613276,0,0,0,0,0,613276
K051,40.672358,-73.98505,0,0,1135,0,234604,0,0,9105986,0,9105986,9340590
K052,40.588372,-73.940135,0,1,817,0,575901,0,0,0,0,0,575901
K054,40.692616,-73.952504,0,0,226,0,64704,0,0,0,0,0,64704
K055,40.674456,-73.912685,0,0,1334,0,1158268,0,0,0,0,0,1158268
K056,40.684286,-73.960536,0,0,425,0,2742345,0,0,17747832,0,17747832,20490177
K057,40.691467,-73.932254,0,0,380,0,389581,0,0,0,0,0,389581
K058,40.680379,-73.995486,0,0,1009,0,7162202,0,0,0,0,0,7162202
K059,40.697619,-73.943279,0,0,682,0,299974,0,0,0,0,0,299974
K061,40.663605,-73.949198,0,0,669,0,506476,0,0,23061641,0,23061641,23568117
K062,40.638087,-73.971153,0,0,1213,0,9238210,0,0,0,0,0,9238210
K066,40.648749,-73.907064,0,0,798,0,1271037,0,0,0,0,0,1271037
K067,40.695339,-73.977674,0,0,690,0,1407827,0,0,0,0,0,1407827
K068,40.635388,-73.911215,0,0,289,0,1691176,0,0,0,0,0,1691176
K069,40.632392,-74.009752,0,0,770,0,420976,0,0,7678956,0,7678956,8099932
K071,40.703996,-73.953304,0,0,919,0,3859524,0,0,0,0,0,3859524
K072,40.669358,-73.879131,0,0,779,0,360030,0,0,0,0,0,360030
K073,40.680679,-73.910719,0,0,488,0,226566,0,0,0,0,0,226566
K075,40.693261,-73.921336,0,0,308,0,89997,4729708,0,0,0,4729708,4819705
K078,40.620537,-73.912914,1,1,1115,0,1962705,0,0,0,0,0,1962705
K081,40.692866,-73.935123,0,0,286,0,278000,0,0,0,0,0,278000
K084,40.715089,-73.963808,0,0,764,0,124000,0,0,0,0,0,124000
K085,40.682576,-73.969248,0,0,265,0,6674496,0,0,0,0,0,6674496
K086,40.700595,-73.917804,0,0,354,0,745508,0,0,0,0,0,745508
K088,40.660805,-73.988743,0,0,1895,0,1376392,0,0,0,0,0,1376392
K090,40.578192,-73.980387,1,1,638,0,416740,0,0,0,0,0,416740
K091,40.661806,-73.940707,0,0,254,0,847855,0,0,0,0,0,847855
K092,40.656276,-73.95381,0,0,656,0,14124310,0,0,0,0,0,14124310
K093,40.679079,-73.946381,0,0,220,0,47301,0,0,0,0,0,47301
K094,40.64373,-74.008795,0,0,1283,0,2859371,9815491,0,0,0,9815491,12674862
K095,40.595996,-73.974664,0,0,982,0,5641601,0,0,0,0,0,5641601
K096,40.608135,-73.984985,0,0,1313,0,199328,0,0,0,0,0,199328
K097,40.601191,-73.98557,0,0,770,0,69359691,0,0,0,0,0,69359691
K099,40.621474,-73.966031,0,0,861,0,599271,0,0,0,0,0,599271
K100,40.577591,-73.97083,1,1,822,0,1793196,0,0,0,0,0,1793196
K101,40.597379,-73.991962,1,1,877,0,82430431,0,0,0,0,0,82430431
K102,40.634318,-74.028758,0,0,1424,0,701347,0,0,12966731,0,12966731,13668078
K104,40.618077,-74.028492,0,0,1244,0,8520522,13424652,0,0,0,13424652,21945174
K105,40.63332,-74.003635,0,0,1414,0,894710,7843954,0,0,0,7843954,8738664
K106,40.693318,-73.913378,0,0,399,0,100865,0,0,0,0,0,100865
K107,40.662945,-73.981181,0,0,551,0,243181,0,0,4896266,0,4896266,5139447
K108,40.681295,-73.884348,0,0,934,0,1169560,0,0,0,0,0,1169560
K110,40.723743,-73.941926,0,0,557,0,242464,0,0,0,0,0,242464
K111,40.70081,-73.927938,0,0,640,0,569036,0,0,0,0,0,569036
K112,40.619417,-74.000565,0,0,685,0,95845,0,0,0,0,0,95845
K113,40.688769,-73.971474,0,0,661,0,518478,0,0,0,0,0,518478
K114,40.642684,-73.90788,0,0,1050,0,675196,0,0,0,0,0,675196
K115,40.634861,-73.897896,0,0,902,0,193596,0,0,0,0,0,193596
K116,40.698077,-73.916563,0,0,352,0,326713,0,0,0,0,0,326713
K117,40.692015,-73.95818,0,0,626,0,295935,0,0,0,0,0,295935
K119,40.626038,-73.938733,0,0,447,0,1516298,0,0,0,0,0,1516298
K120,40.700819,-73.937888,0,0,381,0,960708,0,0,0,0,0,960708
K121,40.622671,-73.978472,0,0,337,0,249485,0,0,5643858,0,5643858,5893343
K123,40.704076,-73.922388,0,0,587,0,210448,0,0,0,0,0,210448
K124,40.667464,-73.99062,0,0,305,0,666903,4400048,0,0,0,4400048,5066951
K126,40.719818,-73.947932,0,0,758,0,2095110,0,0,0,0,0,2095110
K127,40.623687,-74.018429,0,0,508,0,75709819,0,0,4107147,0,4107147,79816966
K128,40.60498,-73.995084,0,0,465,0,2460063,0,0,0,0,0,2460063
K130,40.648924,-73.976053,0,0,831,0,1159356,0,0,14700502,0,14700502,15859858
K131,40.640728,-73.993247,0,0,938,0,401442,15509395,0,0,0,15509395,15910837
K132,40.714772,-73.945663,0,0,755,0,665715,0,0,0,0,0,665715
K135,40.653093,-73.932949,0,0,515,0,291000,0,0,8762063,0,8762063,9053063
K136,40.652127,-74.007596,0,0,1039,0,8877001,13289710,0,0,0,13289710,22166711
K137,40.682248,-73.916641,0,0,289,0,353560,0,0,0,0,0,353560
K138,40.673943,-73.951559,0,0,1158,0,181829,10526802,0,0,0,10526802,10708631
K139,40.64134,-73.965862,0,0,949,0,1813978,0,0,0,0,0,1813978
K142,40.679462,-74.002022,0,0,1378,0,5636096,0,0,2647833,0,2647833,8283929
K145,40.701107,-73.932388,0,0,515,0,283298,0,0,3613321,0,3613321,3896619
K147,40.705005,-73.93879,0,0,742,0,8517182,0,0,9262920,0,9262920,17780102
K148,40.699214,-73.945211,0,0,454,0,165945,0,0,0,0,0,165945
K149,40.669361,-73.89276,0,0,638,0,125000,0,0,0,0,0,125000
K150,40.668768,-73.90514,0,0,544,0,815578,5729946,0,0,0,5729946,6545524
K151,40.693432,-73.908242,0,0,294,0,1004057,0,0,0,0,0,1004057
K152,40.632619,-73.954269,0,0,1305,0,3023881,0,0,0,0,0,3023881
K153,40.601179,-73.960027,0,0,547,0,173716,0,0,0,0,0,173716
K154,40.657002,-73.975967,0,0,552,0,1412177,0,0,0,0,0,1412177
K155,40.677634,-73.908682,0,0,442,0,7512342,0,0,2662831,0,2662831,10175173
K157,40.695397,-73.959999,0,0,417,0,318910,0,0,0,0,0,318910
K158,40.67259,-73.885214,0,0,517,0,1818395,18100428,0,0,0,18100428,19918823
K159,40.676111,-73.869705,0,0,749,0,618396,0,0,0,0,0,618396
K160,40.636932,-73.999045,0,0,1276,0,691281,0,0,0,0,0,691281
K161,40.665757,-73.949243,0,0,997,0,668075,3238118,0,0,0,3238118,3906193
K162,40.706816,-73.919643,0,0,322,0,2406629,19402206,0,0,0,19402206,21808835
K163,40.606739,-74.007469,0,0,531,0,2338111,0,0,0,0,0,2338111
K164,40.637101,-73.985739,0,0,682,0,447699,0,0,7773830,0,7773830,8221529
K165,40.657061,-73.910938,0,0,290,0,1036751,0,0,0,0,0,1036751
K166,40.659934,-73.885704,0,0,1096,0,574832,0,0,0,0,0,574832
K167,40.669557,-73.934316,0,0,449,0,386706,0,0,11163796,0,11163796,11550502
K169,40.645825,-74.0017,0,0,1397,0,13173554,0,0,0,0,0,13173554
K170,40.630373,-74.018719,0,0,1014,0,9355875,0,0,0,0,0,9355875
K171,40.685852,-73.869434,0,0,762,0,1605438,0,0,0,0,0,1605438
K172,40.657682,-74.000191,0,0,578,0,0,0,0,0,0,0,0
K174,40.665446,-73.897604,0,0,487,0,1755322,0,0,0,0,0,1755322
K175,40.665568,-73.912102,0,0,358,0,129994,0,0,0,0,0,129994
K176,40.624835,-74.005205,0,0,1293,0,439812,0,0,0,0,0,439812
K177,40.608169,-73.974425,0,0,985,0,3363532,0,0,0,0,0,3363532
K178,40.67538,-73.915337,0,0,338,0,336274,8186087,0,0,0,8186087,8522361
K179,40.640127,-73.97726,0,0,817,0,35000,0,0,0,0,0,35000
K180,40.626454,-73.98925,0,0,1428,0,260819,0,0,0,0,0,260819
K181,40.648217,-73.945883,0,0,644,0,41000,1905000,0,0,0,1905000,1946000
K183,40.659618,-73.913508,0,0,523,0,1220374,0,0,0,0,0,1220374
K184,40.660385,-73.905004,0,0,533,0,2896477,0,0,8897924,0,8897924,11794401
K185,40.623598,-74.033429,0,0,634,0,915046,0,0,0,0,0,915046
K186,40.610917,-73.994258,0,0,1061,0,215349,0,0,0,0,0,215349
K188,40.576733,-74.000489,1,1,390,0,0,0,0,0,0,0,0
K189,40.665228,-73.925435,0,0,1060,0,62000,0,0,0,0,0,62000
K190,40.662243,-73.894877,0,0,218,0,500,0,0,0,0,0,500
K191,40.67173,-73.924127,0,0,164,0,2615695,0,0,4710161,0,4710161,7325856
K192,40.6288,-73.97954,0,0,642,0,50000,0,0,0,0,0,50000
K193,40.62208,-73.950321,0,0,703,0,1286564,0,0,0,0,0,1286564
K194,40.598069,-73.934163,1,1,557,0,572008,0,0,0,0,0,572008
K195,40.580161,-73.943498,1,1,484,0,298757,0,0,0,0,0,298757
K196,40.708804,-73.939385,0,0,621,0,939833,0,0,7753225,0,7753225,8693058
K197,40.612339,-73.951398,0,0,769,0,1078368,13606031,0,0,0,13606031,14684399
K198,40.637601,-73.937083,0,0,408,0,127720,0,0,0,0,0,127720
K199,40.61631,-73.963026,0,0,567,0,0,0,0,0,0,0,0
K200,40.602809,-74.001915,0,0,1351,0,323128,0,0,9008887,0,9008887,9332015
K201,40.619043,-74.013749,0,0,1651,0,1041798,0,0,0,0,0,1041798
K202,40.665817,-73.876084,0,0,988,0,6419560,0,0,0,0,0,6419560
K203,40.622108,-73.925732,0,0,675,0,514807,0,0,0,0,0,514807
K204,40.613535,-74.006137,0,0,1111,0,112241,0,0,0,0,0,112241
K205,40.614737,-73.986792,0,0,1304,0,87611,6249265,0,0,0,6249265,6336876
K206,40.596876,-73.948453,0,0,1518,0,318477,0,0,0,0,0,318477
K207,40.613981,-73.930485,0,1,1159,0,1181842,0,0,0,0,0,1181842
K208,40.6427,-73.930898,0,0,359,0,1011922,0,0,0,0,0,1011922
K209,40.5868,-73.961191,1,1,706,0,362670,0,0,0,0,0,362670
K210,40.67271,-73.928917,0,0,895,0,787904,0,1216807,0,0,1216807,2004711
K211,40.642931,-73.895224,1,1,436,0,531687,0,0,0,0,0,531687
K212,40.587612,-73.985368,1,1,720,0,899607,0,0,14308715,0,14308715,15208322
K213,40.659845,-73.889968,0,0,263,0,8252088,0,0,0,0,0,8252088
K214,40.675881,-73.862961,0,0,875,0,65186,0,0,0,0,0,65186
K215,40.602722,-73.970171,0,0,838,0,4551301,0,0,0,0,0,4551301
K216,40.59,-73.969647,0,1,745,0,1191933,0,0,0,0,0,1191933
K217,40.633482,-73.966442,0,0,1141,0,545292,12177075,0,0,0,12177075,12722367
K218,40.67002,-73.874537,0,0,698,0,6895804,0,3867813,7580390,0,11448203,18344007
K219,40.658834,-73.922296,0,0,427,0,762923,0,0,20054748,0,20054748,20817671
K220,40.640997,-74.00125,0,0,1521,0,410639,0,0,0,0,0,410639
K221,40.663964,-73.935753,0,0,263,0,125262,0,0,0,0,0,125262
K222,40.614005,-73.939205,0,0,888,0,2107848,0,0,0,0,0,2107848
K223,40.6351,-73.982424,0,0,1488,0,2089702,6636620,0,0,0,6636620,8726322
K224,40.664143,-73.866542,0,0,395,0,225000,0,0,0,0,0,225000
K225,40.58026,-73.955856,1,1,1429,0,364150,0,0,0,0,0,364150
K226,40.615405,-73.977099,0,0,1022,0,995425,0,0,0,0,0,995425
K227,40.622102,-73.995961,0,0,1614,0,672643,0,0,6973909,0,6973909,7646552
K228,40.60066,-73.976801,0,0,1413,0,339430,0,0,0,0,0,339430
K229,40.610331,-74.013585,0,0,1252,0,75000,17763979,0,0,0,17763979,17838979
K230,40.645609,-73.980515,0,0,1111,0,2177238,0,0,14392943,0,14392943,16570181
K232,40.659088,-73.928744,0,0,268,0,1073797,0,0,6320864,0,6320864,7394661
K233,40.651642,-73.914282,0,0,784,0,484510,0,0,7158796,0,7158796,7643306
K234,40.604447,-73.955217,0,0,1768,0,1331677,0,0,0,0,0,1331677
K235,40.655337,-73.940922,0,0,1220,0,502163,0,0,0,0,0,502163
K236,40.615494,-73.912005,0,1,559,0,878490,18718609,0,0,0,18718609,19597099
K237,40.606994,-73.986678,0,0,919,0,483842,0,0,3405741,0,3405741,3889583
K238,40.608801,-73.964586,0,0,614,0,9284665,0,0,0,0,0,9284665
K239,40.57864,-73.992447,1,1,1336,0,606365,0,0,0,0,0,606365
K240,40.623788,-73.946836,0,0,944,0,457616,21671128,0,0,0,21671128,22128744
K241,40.668913,-73.960924,0,0,470,0,953337,0,0,0,0,0,953337
K242,40.645965,-73.898607,0,0,205,0,458462,0,0,0,0,0,458462
K243,40.675675,-73.935093,0,0,550,0,0,0,0,0,0,0,0
K244,40.647851,-73.925592,0,0,799,0,1341775,0,0,0,0,0,1341775
K246,40.648352,-73.95348,0,0,409,0,1413879,5818764,0,0,0,5818764,7232643
K247,40.612247,-73.987195,0,0,863,0,2109286,0,0,0,0,0,2109286
K249,40.649509,-73.966456,0,0,878,0,9411728,0,0,0,0,0,9411728
K250,40.706708,-73.945659,0,0,462,0,619535,0,0,0,0,0,619535
K251,40.63195,-73.923894,0,0,478,0,5824609,0,0,0,0,0,5824609
K252,40.657712,-73.919818,0,0,1011,0,1129175,0,0,12298728,0,12298728,13427903
K253,40.580237,-73.961962,1,1,945,0,340640,8170229,0,0,0,8170229,8510869
K254,40.591103,-73.95155,1,1,766,0,55190456,0,0,0,0,0,55190456
K255,40.604461,-73.955891,0,0,882,0,277669,0,0,16825852,0,16825852,17103521
K256,40.690595,-73.94961,0,0,245,0,137000,0,0,0,0,0,137000
K257,40.702759,-73.941345,0,0,601,0,296774,0,0,0,0,0,296774
K258,40.68192,-73.9456,0,0,1510,0,251345,0,0,0,0,0,251345
K259,40.626089,-74.014633,0,0,1890,0,8451930,0,0,0,0,0,8451930
K260,40.653368,-73.893294,0,1,200,0,998565,0,0,0,0,0,998565
K261,40.687218,-73.988667,0,0,794,0,295079,0,0,0,0,0,295079
K262,40.682949,-73.930132,0,0,176,0,761197,0,0,0,0,0,761197
K263,40.666187,-73.911279,0,0,813,0,2573230,0,0,0,0,0,2573230
K264,40.621025,-74.029444,0,0,460,0,35000,0,0,0,0,0,35000
K265,40.697177,-73.976104,0,0,600,0,7776890,0,0,0,0,0,7776890
K268,40.657421,-73.92756,0,0,338,0,1612581,0,0,0,0,0,1612581
K269,40.637625,-73.947672,0,0,639,0,162435,0,0,0,0,0,162435
K270,40.691275,-73.961134,0,0,545,0,277001,0,0,0,0,0,277001
K271,40.678124,-73.915106,0,0,1214,0,10599726,0,0,0,0,0,10599726
K272,40.635542,-73.886373,0,1,449,0,970550,0,0,0,0,0,970550
K273,40.6585,-73.879276,0,0,340,0,475142,0,0,0,0,0,475142
K274,40.694179,-73.92818,0,0,359,0,5894839,0,0,0,0,0,5894839
K275,40.655644,-73.906662,0,0,1419,0,637387,0,0,0,0,0,637387
K276,40.634005,-73.908436,1,1,611,0,976431,0,0,0,0,0,976431
K277,40.595798,-73.92785,1,1,433,0,7089584,0,0,0,0,0,7089584
K278,40.606745,-73.938721,0,1,1203,0,792237,0,0,0,0,0,792237
K279,40.644134,-73.892797,1,1,1199,0,1789657,0,0,0,0,0,1789657
K280,40.656952,-73.983116,0,0,302,0,22576089,0,0,0,0,0,22576089
K281,40.594648,-73.993565,1,1,1346,0,1477342,0,0,0,0,0,1477342
K282,40.676649,-73.977983,0,0,650,0,754444,0,0,0,0,0,754444
K284,40.666942,-73.907634,0,0,280,0,1554214,0,2854694,0,0,2854694,4408908
K285,40.647818,-73.920784,0,0,752,0,1524758,0,0,0,0,0,1524758
K286,40.591132,-73.93861,1,1,337,0,2481249,0,0,0,0,0,2481249
K287,40.697856,-73.98112,1,1,145,0,29437,0,0,9261735,0,9261735,9291172
K288,40.574029,-73.992393,1,1,615,0,1429005,0,0,4085218,0,4085218,5514223
K289,40.674244,-73.942401,0,0,362,0,143491,0,0,0,0,0,143491
K290,40.678182,-73.889375,0,0,461,0,650053,0,0,3922381,0,3922381,4572434
K291,40.695875,-73.915217,0,0,958,0,1627547,0,0,0,0,0,1627547
K292,40.671601,-73.893319,0,0,563,0,318100,0,0,0,0,0,318100
K293,40.685006,-73.993293,0,0,1298,0,220246,0,0,0,0,0,220246
K296,40.688647,-73.910589,0,0,370,0,756162,0,0,0,0,0,756162
K297,40.697377,-73.948166,0,0,204,0,124064,0,0,0,0,0,124064
K298,40.671015,-73.907718,0,0,559,0,1278169,0,0,4679593,0,4679593,5957762
K299,40.690755,-73.917899,0,0,238,0,372067,0,0,0,0,0,372067
K302,40.677112,-73.884211,0,0,1822,0,1615944,0,0,0,0,0,1615944
K303,40.582518,-73.972009,1,1,2198,0,3738703,0,0,0,0,0,3738703
K304,40.693654,-73.941278,0,0,319,0,6000078,0,0,0,0,0,6000078
K305,40.685653,-73.94573,0,0,236,0,15341,0,0,0,0,0,15341
K306,40.65534,-73.88662,0,0,303,0,890993,0,0,0,0,0,890993
K307,40.701789,-73.981599,0,0,372,0,863034,0,0,0,0,0,863034
K308,40.688323,-73.935509,0,0,778,0,323299,0,0,0,0,0,323299
K309,40.6881,-73.924422,0,0,1649,0,504076,0,0,0,0,0,504076
K310,40.632143,-74.007533,0,0,411,0,326978,0,0,0,0,0,326978
K312,40.622442,-73.909554,1,1,786,0,11656662,0,1223216,0,0,1223216,12879878
K313,40.694629,-73.988323,0,0,935,0,53081,0,0,0,0,0,53081
K314,40.64195,-74.019299,0,0,1773,0,2668182,0,0,6157595,0,6157595,8825777
K316,40.674685,-73.961418,0,0,747,0,234509,0,0,3368066,0,3368066,3602575
K317,40.679916,-73.980455,0,0,751,0,69736,0,0,0,0,0,69736
K318,40.703034,-73.948771,0,1,1205,0,156367,0,0,0,0,0,156367
K319,40.709632,-73.953881,0,0,116,0,185921,0,0,0,0,0,185921
K320,40.665199,-73.959484,0,0,472,0,7950431,0,0,0,0,0,7950431
K321,40.671816,-73.978633,0,0,1381,0,7791807,0,0,2292009,0,2292009,10083816
K324,40.68797,-73.932066,0,0,968,0,774176,0,0,0,0,0,774176
K327,40.668232,-73.911788,0,0,292,0,537758,0,0,0,0,0,537758
K328,40.667985,-73.898249,0,0,737,0,453578,0,0,6034854,0,6034854,6488432
K329,40.574666,-73.99577,1,1,388,0,165536,0,0,0,0,0,165536
K331,40.633598,-74.02395,0,0,994,0,75000,0,0,0,0,0,75000
K332,40.672216,-73.906018,0,0,1518,0,12412,0,0,0,0,0,12412
K333,40.650793,-74.008106,0,0,500,0,292085,0,0,0,0,0,292085
K335,40.674491,-73.928673,0,0,255,0,846552,0,0,0,0,0,846552
K338,40.644861,-73.97101,0,0,349,0,0,0,0,0,0,0,0
K345,40.676207,-73.879886,0,0,547,0,9487570,0,0,0,0,0,9487570
K346,40.64664,-73.881997,0,0,904,0,1070770,0,0,0,0,0,1070770
K356,40.665553,-73.91788,0,0,949,0,2187559,0,0,0,0,0,2187559
K364,40.646211,-73.881115,0,0,329,0,465200,0,0,0,0,0,465200
K366,40.647396,-73.891743,1,1,399,0,484508,0,0,0,0,0,484508
K369,40.687432,-73.983312,0,0,534,0,843576,5128776,0,0,0,5128776,5972352
K370,40.577709,-73.969872,1,1,249,0,809460,0,0,0,0,0,809460
K371,40.654306,-74.005168,0,0,250,0,748398,0,0,0,0,0,748398
K376,40.69805,-73.920187,0,0,528,0,730618,0,0,0,0,0,730618
K377,40.693542,-73.915159,0,0,695,0,1106711,0,0,0,0,0,1106711
K380,40.70179,-73.953702,0,1,570,0,496365,0,0,0,0,0,496365
K383,40.697898,-73.919088,0,0,1827,0,621377,0,0,0,0,0,621377
K384,40.689883,-73.904695,0,0,505,0,904206,0,0,0,0,0,904206
K390,40.67229,-73.937601,0,0,1167,0,8546762,0,0,0,0,0,8546762
K391,40.662092,-73.936313,0,0,1551,0,421395,0,0,0,0,0,421395
K395,40.635842,-73.933099,0,0,582,0,1169269,0,0,4294276,0,4294276,5463545
K396,40.668232,-73.911788,0,0,425,0,2968414,0,0,0,0,0,2968414
K397,40.658663,-73.946358,0,0,187,0,326000,0,0,0,0,0,326000
K398,40.663388,-73.927979,0,0,603,0,2189045,0,0,0,0,0,2189045
K399,40.648277,-73.951664,0,0,330,0,5821709,0,0,0,0,0,5821709
K400,40.593028,-73.986313,1,1,1921,0,3855718,0,0,8780125,0,8780125,12635843
K405,40.632829,-73.952356,0,0,4156,0,2298495,0,0,0,0,0,2298495
K410,40.582627,-73.968733,1,1,1904,0,858443,0,0,0,0,0,858443
K415,40.647728,-73.922212,0,0,1235,0,3270500,24491400,0,4124621,0,28616021,31886521
K420,40.693002,-73.869305,0,0,1759,0,8176153,40778781,0,1028,0,40779809,48955962
K422,40.657266,-73.874064,0,0,1079,0,276018,0,0,0,0,0,276018
K425,40.610499,-73.947661,0,0,3797,0,11606207,0,0,0,0,0,11606207
K430,40.688896,-73.976435,0,0,5937,0,62533468,0,0,25056901,0,25056901,87590369
K435,40.666868,-73.895122,0,0,1175,0,6540146,0,0,16305,0,16305,6556451
K437,40.647598,-73.973363,0,0,345,0,35000,0,0,0,0,0,35000
K440,40.669805,-73.960689,0,0,1259,0,1580952,25171964,0,0,0,25171964,26752916
K445,40.613041,-74.002308,0,0,3427,0,360077,0,11937780,0,0,11937780,12297857
K450,40.711134,-73.938921,0,0,1809,0,1823578,0,0,62595917,0,62595917,64419495
K455,40.678478,-73.931604,0,0,983,0,5830774,0,0,0,0,0,5830774
K458,40.684654,-73.947873,0,0,504,0,11516102,0,0,11520145,0,11520145,23036247
K460,40.669255,-73.97858,0,0,2069,0,10531073,0,0,0,0,0,10531073
K465,40.649602,-73.957173,0,0,1896,0,8274527,0,0,5671694,0,5671694,13946221
K470,40.658671,-73.943839,0,0,1229,0,1974510,0,0,0,0,0,1974510
K480,40.696457,-73.911751,0,0,1081,0,9327341,0,0,21485796,0,21485796,30813137
K485,40.636721,-74.023419,0,0,1235,0,10855712,0,0,0,0,0,10855712
K486,40.627929,-74.003883,0,0,953,0,1359004,0,0,0,0,0,1359004
K490,40.626827,-74.038103,0,0,4559,0,11270215,25844225,0,0,0,25844225,37114440
K495,40.593157,-73.936635,1,1,1248,0,1260897,0,0,0,0,0,1260897
K500,40.640543,-73.898601,0,0,964,0,564893,10729817,0,0,0,10729817,11294710
K505,40.621299,-73.982583,0,0,3214,0,642626,0,0,0,0,0,642626
K515,40.634451,-73.916927,0,1,1402,0,15838092,0,0,0,0,0,15838092
K520,40.690007,-73.989369,0,0,184,0,0,0,0,0,0,0,0
K525,40.619671,-73.959141,0,0,3693,0,3527508,0,0,0,0,0,3527508
K535,40.578356,-73.934449,1,1,1057,0,601985,0,0,0,0,0,601985
K540,40.58807,-73.981925,0,1,2203,0,7480842,0,0,28968310,0,28968310,36449152
K554,40.697378,-73.913172,0,0,430,0,0,0,0,0,0,0,0
K564,40.655583,-74.004342,0,0,1216,0,923372,0,0,0,0,0,923372
K580,40.695444,-73.986105,0,0,1202,0,1029847,0,0,0,0,0,1029847
K590,40.66679,-73.951823,0,0,1332,0,635000,0,0,0,0,0,635000
K600,40.669805,-73.960689,0,0,1200,0,306681,0,0,0,0,0,306681
K610,40.721448,-73.953328,0,1,329,0,1538554,33463411,0,0,0,33463411,35001965
K611,40.702952,-73.992076,1,1,277,0,345400,0,0,0,0,0,345400
K615,40.67878,-73.875328,0,0,676,0,507293,0,0,0,0,0,507293
K620,40.583263,-73.963764,1,1,412,0,4495286,0,0,0,0,0,4495286
K625,40.675905,-73.939282,0,0,882,0,1001463,13423264,0,0,0,13423264,14424727
K650,40.715561,-73.954815,1,1,1789,0,351137,11596941,0,0,0,11596941,11948078
K655,40.683951,-73.980266,0,0,1484,0,2003718,0,0,0,0,0,2003718
K660,40.673766,-73.895976,0,0,872,0,13233637,25924,0,0,0,25924,13259561
K677,40.695975,-73.919653,0,0,345,0,12100,0,0,0,0,0,12100
K682,40.643018,-74.004306,0,0,38,0,9873085,0,0,0,0,0,9873085
K721,40.60498,-73.995084,0,0,929,0,119362,0,0,5523805,0,5523805,5643167
K722,40.58807,-73.981925,0,1,480,0,2812345,0,0,0,0,0,2812345
K728,40.576976,-73.985413,1,1,245,0,2101985,0,0,0,0,0,2101985
K735,40.644927,-73.962743,0,0,312,0,264229,0,0,0,0,0,264229
K763,40.671145,-73.987602,0,0,345,0,273347,0,0,0,0,0,273347
K778,40.70554,-73.955741,0,0,224,0,0,0,0,5791775,0,5791775,5791775
K781,40.642619,-73.992151,0,0,226,0,199576,0,0,0,0,0,199576
K783,40.683446,-73.925851,0,0,768,0,0,0,0,0,0,0,0
K784,40.682422,-73.965928,0,0,804,0,0,0,0,0,0,0,0
K798,40.686534,-73.878353,0,0,586,0,208842,0,0,0,0,0,208842
K804,40.684869,-73.990884,0,0,582,0,397700,0,0,0,0,0,397700
K805,40.69733,-73.984528,0,0,1137,0,202295,0,0,0,0,0,202295
K806,40.686147,-73.979829,0,0,226,0,341063,0,0,0,0,0,341063
K807,40.606739,-74.007469,0,0,599,0,683032,0,0,0,0,0,683032
K814,40.677707,-73.886712,0,0,469,0,0,0,0,0,0,0,0
K824,40.669561,-73.955188,0,0,237,0,102000,0,0,0,0,0,102000
K825,40.677968,-74.014363,1,1,181,0,184716,0,0,0,0,0,184716
K834,40.676198,-73.9855,0,0,207,0,1819709,0,0,0,0,0,1819709
K843,40.656599,-73.888024,0,0,323,0,100000,0,0,0,0,0,100000
K845,40.660805,-73.988743,0,0,1011,0,394417,11297761,0,0,0,11297761,11692178
K849,40.632145,-73.97318,0,0,587,0,50000,0,0,0,0,0,50000
K852,40.628417,-73.92825,0,0,170,0,464107,0,0,0,0,0,464107
K857,40.660465,-73.887195,0,0,387,0,0,0,0,0,0,0,0
K860,40.659914,-73.920658,0,0,196,0,1689081,0,0,0,0,0,1689081
K865,40.695436,-73.927349,0,0,302,0,14019639,0,0,0,0,0,14019639
K874,40.676357,-73.970315,0,0,204,0,1332738,0,0,0,0,0,1332738
K884,40.64879,-73.957501,0,0,338,0,0,0,0,0,0,0,0
K894,40.677528,-73.904143,0,0,186,0,0,0,0,0,0,0,0
K902,40.678809,-73.976648,0,0,437,0,704994,0,0,0,0,0,704994
K907,40.666251,-73.923881,0,0,119,0,0,0,0,0,0,0,0
K909,40.678591,-73.961636,0,0,328,0,385400,0,0,0,0,0,385400
K913,40.694723,-73.929315,0,0,479,0,278304,0,0,0,0,0,278304
K914,40.695389,-73.968759,0,0,810,0,318313,0,0,0,0,0,318313
K917,40.649055,-73.972312,0,0,660,0,1024678,0,0,0,0,0,1024678
K971,40.639518,-74.020343,0,0,343,0,99236,0,0,0,0,0,99236
K987,40.688399,-73.920603,0,0,589,0,35000,0,0,0,0,0,35000
K990,40.675936,-74.003372,1,1,481,0,0,0,0,0,0,0,0
K994,40.685486,-73.953692,0,0,363,0,300000,0,0,0,0,0,300000
KAEX,40.689574,-73.950714,0,0,300,0,0,0,0,0,0,0,0
KAGD,40.643834,-73.900432,0,0,856,0,0,0,0,0,0,0,0
KAGI,40.647893,-73.97872,0,0,773,0,104713,0,0,0,0,0,104713
KAIX,40.665264,-73.910292,0,0,114,0,104000,0,0,0,0,0,104000
KAJP,40.693748,-73.90892,0,0,892,0,0,0,0,0,0,0,0
KAJS,40.669356,-73.867138,0,0,696,0,0,0,0,0,0,0,0
KAJY,40.638957,-73.948982,0,0,548,0,0,0,0,0,0,0,0
KAKB,40.694676,-73.937717,0,0,699,0,485000,0,0,0,0,0,485000
KAKM,40.660077,-73.883469,0,0,223,0,0,0,0,0,0,0,0
KAKO,40.632149,-73.969887,0,0,619,0,0,0,0,0,0,0,0
KAKT,40.681183,-73.867071,0,0,122,0,0,0,0,0,0,0,0
KAMH,40.65787,-73.888775,0,0,106,0,0,0,0,0,0,0,0
KAQX,40.689569,-73.925087,0,0,618,0,0,0,0,0,0,0,0
KAWR,40.662985,-73.992254,0,0,498,0,0,0,0,0,0,0,0
KBBA,40.68291,-73.990292,0,0,238,0,0,0,0,0,0,0,0
KBEQ,40.681102,-73.956832,0,0,698,0,0,0,0,0,0,0,0
KBGH,40.661945,-73.92044,0,0,1538,0,0,0,0,0,0,0,0
KBNU,40.656202,-73.982624,0,0,283,0,105000,0,0,0,0,0,105000
KBVT,40.668608,-73.918123,0,0,1043,0,0,0,0,0,0,0,0
KBXV,40.65452,-73.908341,0,0,255,0,0,0,0,0,0,0,0
KBYQ,40.703703,-73.935969,0,0,934,0,0,0,0,0,0,0,0
KBZT,40.612258,-73.914312,1,1,710,0,589830,0,0,0,0,0,589830
KCKX,40.697262,-73.986016,0,0,709,0,0,0,0,0,0,0,0
KCQF,40.692434,-73.986867,0,0,343,0,0,0,0,0,0,0,0
KCSH,40.697067,-73.987392,0,0,49,0,0,0,0,0,0,0,0
KCTL,40.600808,-73.986345,0,0,231,0,0,0,0,0,0,0,0
L001,40.821278,-73.488094,0,0,520,0,189986,0,0,0,0,0,189986
M001,40.71255,-73.997478,0,0,295,0,81396,18419894,0,0,0,18419894,18501290
M002,40.712907,-73.991523,0,0,483,0,85000,0,0,0,0,0,85000
M003,40.732603,-74.005949,0,0,731,0,459262,0,0,0,0,0,459262
M004,40.834877,-73.941594,0,0,498,0,1252305,0,0,0,0,0,1252305
M005,40.857633,-73.922277,0,0,552,0,946682,0,0,0,0,0,946682
M006,40.777737,-73.960427,0,0,671,0,512545,0,0,0,0,0,512545
M007,40.800616,-73.939374,0,0,407,0,49286,0,0,0,0,0,49286
M008,40.839235,-73.936614,0,0,495,0,459723,0,0,0,0,0,459723
M009,40.785234,-73.974256,0,0,852,0,972361,0,0,0,0,0,972361
M010,40.823988,-73.935746,1,1,1257,0,1232983,0,0,0,0,0,1232983
M011,40.744186,-74.000743,0,0,888,0,29376391,0,0,0,0,0,29376391
M013,40.793649,-73.948488,1,1,1174,0,628199,0,0,0,0,0,628199
M015,40.722075,-73.978747,0,1,174,0,359855,0,0,0,0,0,359855
M017,40.761327,-73.988665,0,0,921,0,480442,11434443,0,0,0,11434443,11914885
M019,40.730009,-73.984496,0,0,249,0,209563,0,0,4265188,0,4265188,4474751
M020,40.721305,-73.986312,0,0,481,0,208945,0,0,0,0,0,208945
M022,40.719416,-73.979581,1,1,1754,0,469401,0,0,0,0,0,469401
M025,40.72004,-73.986038,0,0,920,0,1805097,9320563,0,0,0,9320563,11125660
M028,40.83163,-73.942023,0,0,597,0,11519773,0,0,0,0,0,11519773
M030,40.805653,-73.935461,0,1,1568,0,804823,0,0,5007064,0,5007064,5811887
M033,40.749014,-74.000238,0,0,632,0,1219989,0,0,0,0,0,1219989
M034,40.726008,-73.975058,1,1,305,0,100000,0,0,0,0,0,100000
M036,40.810705,-73.957409,0,0,355,0,3067776,0,0,0,0,0,3067776
M040,40.735328,-73.981536,0,0,1102,0,760508,0,0,0,0,0,760508
M041,40.73545,-73.999094,0,0,694,0,709003,0,0,0,0,0,709003
M042,40.716126,-73.990826,0,0,574,0,331239,0,0,0,0,0,331239
M043,40.815747,-73.95552,0,0,512,0,830329,0,0,13276406,0,13276406,14106735
M044,40.780536,-73.977602,0,0,1145,0,735790,0,0,0,0,0,735790
M045,40.799265,-73.93374,1,1,958,0,171169,0,0,0,0,0,171169
M046,40.8304,-73.9363,0,1,630,0,374650,0,0,0,0,0,374650
M047,40.738374,-73.981329,0,0,389,0,539461,0,0,0,0,0,539461
M048,40.853193,-73.933629,0,0,478,0,1261740,0,0,0,0,0,1261740
M050,40.785559,-73.940919,1,1,522,0,1248262,0,0,18049678,0,18049678,19297940
M052,40.865556,-73.925464,0,0,857,0,926567,3560375,0,0,0,3560375,4486942
M054,40.8007,-73.96327,0,0,867,0,11425272,0,0,0,0,0,11425272
M056,40.713362,-73.986051,0,0,589,0,703059,0,0,5210525,0,5210525,5913584
M057,40.797205,-73.941598,0,0,805,0,5805269,0,0,0,0,0,5805269
M058,40.764129,-73.985899,0,0,317,0,647302,0,0,0,0,0,647302
M060,40.729152,-73.982472,0,0,680,0,13871325,0,0,0,0,0,13871325
M061,40.727537,-73.978254,1,1,653,0,484215,0,0,0,0,0,484215
M063,40.72444,-73.986214,0,0,536,0,1697817,0,0,0,0,0,1697817
M064,40.72313,-73.981597,0,0,935,0,1555020,0,0,0,0,0,1555020
M066,40.777948,-73.947287,0,0,486,0,99518,0,0,2075560,0,2075560,2175078
M070,40.742512,-74.002222,0,0,1483,0,1403936,0,0,0,0,0,1403936
M072,40.791444,-73.94745,1,1,646,0,647635,0,0,0,0,0,647635
M075,40.795109,-73.973996,0,0,710,0,10567285,0,0,0,0,0,10567285
M076,40.806534,-73.951451,0,0,443,0,0,0,0,0,0,0,0
M079,40.802547,-73.942009,0,0,266,0,462221,0,0,0,0,0,462221
M083,40.793363,-73.941955,1,1,728,0,11912604,0,0,0,0,0,11912604
M084,40.789479,-73.968419,0,0,663,0,798840,0,0,2672693,0,2672693,3471533
M087,40.78171,-73.97802,0,0,898,0,11594500,0,0,10511867,0,10511867,22106367
M088,40.80261,-73.954152,0,0,675,0,998886,0,0,0,0,0,998886
M089,40.71701,-74.013967,1,1,740,0,442657,0,0,0,0,0,442657
M090,40.839139,-73.935815,0,0,1777,0,156547,0,0,0,0,0,156547
M092,40.814917,-73.945838,0,0,560,0,5994032,0,0,0,0,0,5994032
M093,40.830004,-73.944666,0,0,425,0,428113,0,0,0,0,0,428113
M096,40.79969,-73.937179,0,0,394,0,427651,0,0,0,0,0,427651
M097,40.718276,-73.976093,1,1,615,0,458289,0,0,0,0,0,458289
M098,40.867741,-73.917814,0,0,418,0,768151,11177669,0,0,0,11177669,11945820
M099,40.785107,-73.942154,1,1,1737,0,12877,0,0,0,0,0,12877
M101,40.796098,-73.944546,0,0,313,0,236211,0,0,0,0,0,236211
M102,40.795,-73.938418,1,1,265,0,60000,15175291,0,106851,0,15282142,15342142
M104,40.735879,-73.981034,0,1,1116,0,1073372,0,0,0,0,0,1073372
M107,40.791966,-73.946879,0,1,313,0,364439,0,0,0,0,0,364439
M108,40.795032,-73.947855,0,1,470,0,10478992,0,0,0,0,0,10478992
M110,40.7162,-73.9798,1,1,372,0,184945,0,0,0,0,0,184945
M111,40.76588,-73.989776,0,0,413,0,376165,0,0,8444303,0,8444303,8820468
M112,40.796889,-73.930528,1,1,319,0,9648,0,0,0,0,0,9648
M113,40.801573,-73.955583,0,0,1032,0,0,2011067,0,0,0,2011067,2011067
M114,40.780452,-73.947379,0,0,451,0,35000,0,0,2165543,0,2165543,2200543
M115,40.846116,-73.93514,0,0,452,0,2427975,0,0,0,0,0,2427975
M116,40.744511,-73.977906,0,0,504,0,994939,0,0,0,0,0,994939
M117,40.792556,-73.942285,1,1,1170,0,1847743,0,0,0,0,0,1847743
M118,40.791395,-73.971011,0,0,1149,0,7179821,0,0,14395188,0,14395188,21575009
M121,40.788668,-73.944762,1,1,241,0,12741148,0,0,0,0,0,12741148
M123,40.820216,-73.944551,0,0,1224,0,631396,0,0,0,0,0,631396
M124,40.715097,-73.996017,0,0,675,0,147806,0,0,0,0,0,147806
M125,40.810793,-73.955722,0,0,2008,0,7436836,9356516,0,0,0,9356516,16793352
M126,40.710651,-73.99742,1,1,712,0,514766,0,0,30488381,0,30488381,31003147
M128,40.841032,-73.938701,0,0,807,0,11595239,0,0,0,0,0,11595239
M129,40.814914,-73.95202,0,0,406,0,83958,33403242,0,0,0,33403242,33487200
M130,40.71866,-73.998326,0,0,858,0,308630,0,0,0,0,0,308630
M131,40.716231,-73.993607,0,0,1288,0,829143,0,0,96930,0,96930,926073
M132,40.850561,-73.933964,0,0,659,0,10590563,0,0,0,0,0,10590563
M133,40.809665,-73.939178,0,0,225,0,610090,0,0,0,0,0,610090
M134,40.714248,-73.983854,0,0,281,0,0,0,0,25966399,0,25966399,25966399
M136,40.817228,-73.947151,0,0,662,0,1547350,0,0,0,0,0,1547350
M137,40.711125,-73.985438,0,0,678,0,2119856,0,0,0,0,0,2119856
M140,40.719148,-73.983769,0,0,385,0,266127,0,0,27689118,0,27689118,27955245
M142,40.718121,-73.984116,0,0,594,0,117907,0,0,0,0,0,117907
M143,40.849311,-73.930991,0,0,1111,0,2068258,0,0,0,0,0,2068258
M144,40.806055,-73.948385,0,0,503,0,6407253,3727819,0,0,0,3727819,10135072
M145,40.799098,-73.965611,0,0,604,0,7066456,0,0,0,0,0,7066456
M146,40.789535,-73.938727,1,1,383,0,53987,0,0,0,0,0,53987
M149,40.802649,-73.948088,0,0,1208,0,45535,0,0,0,0,0,45535
M152,40.859804,-73.927578,0,0,563,0,3956359,0,0,0,0,0,3956359
M153,40.826514,-73.947599,0,0,689,0,733850,0,0,0,0,0,733850
M154,40.810499,-73.948902,0,0,939,0,0,0,0,0,0,0,0
M155,40.797507,-73.935895,1,1,416,0,321616,0,0,0,0,0,321616
M158,40.770215,-73.950745,0,0,1026,0,3870701,0,0,0,0,0,3870701
M161,40.817719,-73.952476,0,0,806,0,163931,0,0,0,0,0,163931
M163,40.795163,-73.96847,0,0,551,0,4241728,0,0,0,0,0,4241728
M164,40.836982,-73.937263,0,0,349,0,499958,0,0,0,0,0,499958
M165,40.802653,-73.965949,0,0,854,0,594608,0,0,24051544,0,24051544,24646152
M166,40.788925,-73.972557,0,0,638,0,930284,0,0,12808988,0,12808988,13739272
M167,40.771541,-73.957827,0,0,1379,0,1515623,0,0,0,0,0,1515623
M169,40.780798,-73.955594,0,0,356,0,917543,3292865,0,0,0,3292865,4210408
M170,40.790932,-73.943904,1,1,520,0,608000,0,0,0,0,0,608000
M171,40.792302,-73.951425,0,0,773,0,9469420,17758493,0,0,0,17758493,27227913
M173,40.845459,-73.939785,0,0,612,0,1050173,10781515,0,0,0,10781515,11831688
M175,40.814388,-73.942706,0,0,347,0,767401,0,0,0,0,0,767401
M176,40.866381,-73.923818,0,0,700,0,221895,0,0,0,0,0,221895
M178,40.85924,-73.928301,0,0,284,0,493955,0,0,0,0,0,493955
M180,40.80757,-73.955861,0,0,512,0,100000,0,0,0,0,0,100000
M183,40.763804,-73.957731,0,0,554,0,6541534,15001814,0,0,0,15001814,21543348
M185,40.798461,-73.950146,0,0,364,0,242566,0,0,0,0,0,242566
M187,40.856239,-73.93684,0,0,775,0,0,0,0,4228934,0,4228934,4228934
M188,40.719888,-73.97738,1,1,1054,0,156225,0,0,0,0,0,156225
M189,40.853045,-73.928048,0,0,743,0,352756,12957619,0,0,0,12957619,13310375
M190,40.775181,-73.952777,0,0,595,0,483629,6396653,0,1867239,0,8263892,8747521
M191,40.771603,-73.987515,0,0,376,0,1019066,0,0,0,0,0,1019066
M192,40.82051,-73.952023,0,0,685,0,723594,0,0,0,0,0,723594
M194,40.821208,-73.941111,0,0,1079,0,288314,4289972,0,0,0,4289972,4578286
M195,40.819793,-73.956814,0,0,1261,0,291050,0,0,2115329,0,2115329,2406379
M197,40.813532,-73.938347,0,0,1013,0,51302,0,0,0,0,0,51302
M198,40.785018,-73.95042,0,0,848,0,1777693,0,0,9775526,0,9775526,11553219
M199,40.777603,-73.984423,0,0,822,0,1760534,0,0,0,0,0,1760534
M200,40.823988,-73.935746,1,1,384,0,330236,0,0,0,0,0,330236
M202,40.802096,-73.951357,0,0,220,0,0,0,0,0,0,0,0
M206,40.796889,-73.930528,1,1,477,0,247666,0,0,0,0,0,247666
M207,40.802649,-73.948088,0,0,235,0,424158,0,0,0,0,0,424158
M208,40.798461,-73.950146,0,0,429,0,0,0,0,0,0,0,0
M218,40.860951,-73.930082,0,0,1008,0,12040400,0,0,0,0,0,12040400
M223,40.816626,-73.951292,0,0,300,0,246992,0,0,0,0,0,246992
M234,40.71953,-74.01088,0,0,638,0,1902139,0,0,0,0,0,1902139
M263,40.865575,-73.921631,0,0,589,0,36000,0,0,0,0,0,36000
M267,40.763883,-73.963861,0,0,414,0,410669,0,0,3304843,0,3304843,3715512
M271,40.753598,-73.956435,1,1,617,0,293289,0,0,2034189,0,2034189,2327478
M276,40.706384,-74.017456,1,1,1262,0,204549,0,0,0,0,0,204549
M281,40.744288,-73.972592,1,1,338,0,0,0,0,0,0,0,0
M282,40.705688,-74.013303,0,0,993,0,270000,0,0,0,0,0,270000
M323,40.731006,-74.007192,0,0,561,0,0,0,0,0,0,0,0
M338,40.761487,-73.995825,0,0,481,0,100000,0,0,0,0,0,100000
M340,40.739145,-73.995534,0,0,339,0,0,0,0,0,0,0,0
M342,40.7722,-73.990902,0,0,565,0,0,0,0,0,0,0,0
M343,40.708774,-74.002407,1,1,468,0,112000,0,0,0,0,0,112000
M371,40.825831,-73.937833,0,0,210,0,84233,0,0,0,0,0,84233
M387,40.85765,-73.935231,0,0,510,0,0,0,0,0,0,0,0
M389,40.816158,-73.95357,0,0,227,0,0,0,0,0,0,0,0
M435,40.794184,-73.932868,1,1,1890,0,595592,0,0,0,0,0,595592
M440,40.743407,-74.00254,0,0,2255,0,16562565,8251565,0,0,0,8251565,24814130
M445,40.717329,-73.989329,0,0,1781,0,1921357,0,0,0,0,0,1921357
M446,40.712269,-73.984128,0,0,483,0,46776,0,0,0,0,0,46776
M451,40.74182,-74.000238,0,0,422,0,755952,0,0,0,0,0,755952
M460,40.735361,-73.987064,0,0,2713,0,13784677,54608834,0,0,0,54608834,68393511
M465,40.856532,-73.92606,0,0,1727,0,14930777,37803019,0,0,0,37803019,52733796
M470,40.786134,-73.974483,0,0,2103,0,4990577,0,0,0,0,0,4990577
M475,40.732665,-73.98259,0,0,2609,0,341318,0,0,0,0,0,341318
M477,40.718025,-74.013921,0,1,3316,0,5794101,0,0,0,0,0,5794101
M480,40.765638,-73.959777,0,0,1729,0,3558579,0,0,0,0,0,3558579
M485,40.774202,-73.985976,0,0,2760,0,10542114,0,0,0,0,0,10542114
M486,40.757626,-73.98346,0,0,443,0,199703,5953123,0,0,0,5953123,6152826
M488,40.759248,-73.967204,0,0,2076,0,443810,0,0,0,0,0,443810
M490,40.774891,-73.985608,0,0,2110,0,1271740,0,0,15472041,0,15472041,16743781
M495,40.790191,-73.944092,1,1,389,0,347604,0,0,0,0,0,347604
M501,40.807019,-73.938714,0,0,1292,0,10299168,0,0,0,0,0,10299168
M506,40.797136,-73.966779,0,0,454,0,0,13507,0,4785528,0,4799035,4799035
M510,40.722415,-73.990468,0,0,381,0,1073676,10818577,0,0,0,10818577,11892253
M520,40.711441,-74.000851,0,0,1253,0,12757397,0,0,0,0,0,12757397
M528,40.850683,-73.934676,0,0,233,0,139695,0,0,0,0,0,139695
M535,40.765474,-73.9927,0,0,1961,0,63287924,0,0,0,0,0,63287924
M540,40.8185,-73.949929,0,0,1503,0,2684601,68411835,0,0,0,68411835,71096436
M600,40.745677,-73.996354,0,0,1577,0,401544,17324345,0,0,0,17324345,17725889
M615,40.72463,-74.005058,0,0,917,0,150924,0,0,0,0,0,150924
M620,40.74651,-73.98107,0,0,815,0,18388329,17706054,0,0,0,17706054,36094383
M625,40.763655,-73.990318,0,0,1744,0,14480495,0,0,10546098,0,10546098,25026593
M641,40.729052,-74.006155,0,0,800,0,12468128,0,0,0,0,0,12468128
M645,40.783286,-73.945933,1,1,425,0,3920075,0,0,0,0,0,3920075
M646,40.784112,-73.945647,1,1,101,0,0,0,0,0,0,0,0
M660,40.739121,-73.985323,0,0,749,0,130240,0,0,0,0,0,130240
M661,40.732699,-73.984333,0,0,711,0,924272,0,0,0,0,0,924272
M751,40.725892,-73.987791,0,0,234,0,599133,0,0,0,0,0,599133
M807,40.729661,-73.992343,0,0,63,0,0,0,0,0,0,0,0
M812,40.820208,-73.950354,0,0,491,0,99010,0,0,0,0,0,99010
M814,40.833695,-73.942074,0,0,713,0,35000,0,0,0,0,0,35000
M816,40.780652,-73.947856,0,0,431,0,200000,0,0,0,0,0,200000
M824,40.704697,-74.011202,1,1,681,0,95110,0,0,0,0,0,95110
M833,40.70927,-74.012328,0,0,741,0,161362,0,0,0,0,0,161362
M834,40.767848,-73.98861,0,0,1465,0,5236367,0,0,0,0,0,5236367
M837,40.772608,-73.988338,0,0,432,0,24346055,0,0,0,0,0,24346055
M838,40.81698,-73.934951,1,1,420,0,0,0,0,0,0,0,0
M840,40.71953,-74.01088,0,0,189,0,0,0,0,0,0,0,0
M841,40.78633,-73.979217,0,0,367,0,0,6725926,0,0,0,6725926,6725926
M855,40.770288,-73.953276,0,0,530,0,163053,0,0,0,0,0,163053
M868,40.736526,-73.992727,0,0,726,0,0,0,0,0,0,0,0
M873,40.741963,-73.991966,0,0,452,0,0,0,0,0,0,0,0
M874,40.741888,-73.985723,0,0,475,0,200000,0,0,0,0,0,200000
M876,40.8381,-73.9383,0,0,521,0,7051961,0,0,0,0,0,7051961
M877,40.689493,-74.018941,1,1,533,0,1450716,0,0,0,0,0,1450716
M883,40.736416,-73.995731,0,0,457,0,96802,0,0,0,0,0,96802
M894,40.708971,-74.012465,0,0,473,0,114483,0,0,0,0,0,114483
M895,40.792932,-73.947171,1,1,480,0,224424,0,0,0,0,0,224424
M896,40.756089,-73.984381,0,0,237,0,448785,0,0,0,0,0,448785
M898,40.871456,-73.911732,0,0,357,0,75000,0,0,0,0,0,75000
M905,40.738521,-73.989481,0,0,142,0,0,0,0,0,0,0,0
M908,40.811882,-73.947317,0,0,1144,0,0,0,0,0,0,0,0
M911,40.807692,-73.939974,0,0,216,0,100000,0,0,0,0,0,100000
M912,40.760858,-73.996262,0,0,1423,0,150000,0,0,0,0,0,150000
M916,40.812428,-73.953317,0,0,311,0,398424,0,0,0,0,0,398424
M918,40.871673,-73.912339,0,0,551,0,125000,0,0,0,0,0,125000
M920,40.747425,-73.990562,0,0,285,0,81644,0,0,0,0,0,81644
M932,40.775256,-73.982976,0,0,314,0,842333,0,0,0,0,0,842333
M933,40.753099,-73.997641,0,0,175,0,88515,0,0,0,0,0,88515
M965,40.856532,-73.92606,0,0,843,0,0,0,0,0,0,0,0
M970,40.815237,-73.944299,0,0,560,0,145615,0,0,0,0,0,145615
M971,40.711321,-74.005473,0,0,560,0,99249,0,0,0,0,0,99249
MADQ,40.793098,-73.951367,0,0,333,0,0,0,0,0,0,0,0
MADR,40.801547,-73.935335,0,1,956,0,0,0,0,0,0,0,0
MAEG,40.705605,-74.015837,1,1,503,0,122071,0,0,0,0,0,122071
MAHR,40.848864,-73.936073,0,0,301,0,0,0,0,0,0,0,0
MAIV,40.795404,-73.944449,1,1,283,0,0,0,0,0,0,0,0
MAKA,40.807556,-73.947067,0,0,584,0,0,0,0,0,0,0,0
MANN,40.82884,-73.945368,0,0,787,0,0,0,0,0,0,0,0
MAQE,40.804559,-73.952751,0,0,491,0,0,0,0,0,0,0,0
MAUD,40.719676,-73.991859,0,0,261,0,0,0,0,0,0,0,0
MAVC,40.807537,-73.954228,0,0,305,0,0,0,0,0,0,0,0
MAXH,40.853517,-73.932869,0,0,164,0,0,0,0,0,0,0,0
MAYS,40.814598,-73.945,0,0,1036,0,0,0,0,0,0,0,0
MBDF,40.723911,-74.004692,0,1,302,0,0,0,0,0,0,0,0
MBDK,40.868831,-73.920841,1,0,915,0,0,0,0,0,0,0,0
MBMC,40.79001,-73.942482,1,1,604,0,0,0,0,0,0,0,0
MBMF,40.789174,-73.945101,1,1,728,0,0,0,0,0,0,0,0
MBMO,40.758759,-73.996499,0,0,228,0,0,0,0,0,0,0,0
MBNS,40.705688,-74.013303,0,0,279,0,0,0,0,0,0,0,0
Q002,40.769798,-73.894108,0,0,564,0,48433819,0,0,0,0,0,48433819
Q003,40.725787,-73.844032,0,0,211,0,80879043,0,0,0,0,0,80879043
Q005,40.737405,-73.888133,0,0,1788,0,7518200,0,0,0,0,0,7518200
Q007,40.739644,-73.882446,0,0,1375,0,11730495,0,0,0,0,0,11730495
Q008,40.69691,-73.786403,0,0,1400,0,1884526,0,0,0,0,0,1884526
Q009,40.718234,-73.912458,0,0,652,0,2014149,12612626,0,0,0,12612626,14626775
Q010,40.760122,-73.911962,0,0,795,0,863765,0,0,0,0,0,863765
Q011,40.746127,-73.909032,0,0,964,0,280191,0,0,0,0,0,280191
Q012,40.742284,-73.893466,0,0,1157,0,313606,0,0,0,0,0,313606
Q013,40.737441,-73.867662,0,0,1515,0,627940,0,0,0,0,0,627940
Q014,40.74102,-73.85457,0,0,1574,0,927832,0,0,0,0,0,927832
Q015,40.68605,-73.756546,0,0,440,0,833113,0,0,0,0,0,833113
Q017,40.768034,-73.922544,0,0,1110,0,293296,0,0,0,0,0,293296
Q018,40.731853,-73.73229,0,0,590,0,120000,0,0,0,0,0,120000
Q019,40.7486,-73.866557,0,0,1889,0,280606,0,0,0,0,0,280606
Q020,40.758347,-73.824388,0,0,1213,0,6887366,7213757,0,0,0,7213757,14101123
Q021,40.774134,-73.818581,0,0,1346,0,316013,0,0,0,0,0,316013
Q022,40.761744,-73.811373,0,0,915,0,3778309,3319890,0,0,0,3319890,7098199
Q023,40.765624,-73.828279,0,0,357,0,544758,0,0,0,0,0,544758
Q024,40.751972,-73.8181,0,0,1046,0,556042,0,0,0,0,0,556042
Q025,40.764884,-73.789365,0,0,1635,0,2063035,0,0,0,0,0,2063035
Q026,40.735935,-73.777607,0,0,715,0,8460625,0,0,0,0,0,8460625
Q028,40.747017,-73.854268,0,0,473,0,300000,0,0,0,0,0,300000
Q029,40.778029,-73.842967,0,0,703,0,84730,1946285,0,0,0,1946285,2031015
Q030,40.679843,-73.774668,0,0,581,0,4889563,0,0,0,0,0,4889563
Q031,40.757701,-73.768994,0,0,539,0,17201978,0,0,0,0,0,17201978
Q032,40.765459,-73.794323,0,0,994,0,1638089,0,0,0,0,0,1638089
Q033,40.727172,-73.734102,0,0,952,0,1912016,0,0,0,0,0,1912016
Q034,40.710986,-73.737702,0,0,600,0,3561632,0,0,0,0,0,3561632
Q035,40.713438,-73.768894,0,0,674,0,1186385,0,0,0,0,0,1186385
Q036,40.691306,-73.764081,0,0,408,0,7193016,0,0,0,0,0,7193016
Q037,40.676201,-73.758778,0,0,421,0,8788732,17220853,0,0,0,17220853,26009585
Q038,40.67115,-73.733774,0,0,283,0,1184732,0,0,0,0,0,1184732
Q040,40.693559,-73.790975,0,0,596,0,182000,11130411,0,0,0,11130411,11312411
Q041,40.770155,-73.771225,0,0,464,0,56588268,0,0,0,0,0,56588268
Q042,40.594358,-73.794804,1,1,642,0,437986,0,0,0,21183887,21183887,21621873
Q043,40.59348,-73.761086,1,1,896,0,3730239,0,0,0,1862059,1862059,5592298
Q045,40.671871,-73.788866,0,0,319,0,372091,13409105,0,0,0,13409105,13781196
Q046,40.745744,-73.758042,0,0,559,0,73783916,0,0,0,0,0,73783916
Q047,40.606476,-73.821089,1,1,244,0,218816,0,0,3773462,0,3773462,3992278
Q049,40.719567,-73.875493,0,0,1204,0,397540,0,0,0,0,0,397540
Q050,40.694868,-73.806842,0,0,848,0,253000,0,0,0,0,0,253000
Q051,40.698286,-73.831532,0,0,245,0,49183,0,0,0,0,0,49183
Q052,40.661427,-73.767161,0,0,413,0,871481,0,0,0,0,0,871481
Q053,40.604019,-73.749891,0,0,1017,0,18937378,19168787,0,0,0,19168787,38106165
Q054,40.702656,-73.824629,0,0,536,0,673552,0,0,0,0,0,673552
Q055,40.69361,-73.816156,0,0,513,0,6822570,0,0,0,0,0,6822570
Q056,40.698989,-73.835735,0,0,358,0,1687677,0,0,0,0,0,1687677
Q058,40.728517,-73.890638,0,0,1024,0,1183037,0,0,0,0,0,1183037
Q059,40.681881,-73.752772,0,0,1238,0,1532101,0,0,0,0,0,1532101
Q060,40.691467,-73.852792,0,0,1177,0,100000,0,0,0,0,0,100000
Q061,40.741898,-73.862886,0,0,2251,0,184735,0,0,6513317,0,6513317,6698052
Q062,40.688359,-73.835567,0,0,911,0,553636,0,0,0,0,0,553636
Q063,40.676978,-73.846796,0,0,1213,0,5500,0,0,0,0,0,5500
Q064,40.681901,-73.856956,0,0,555,0,8043368,0,0,0,0,0,8043368
Q066,40.697941,-73.846135,0,0,492,0,36713930,0,0,0,0,0,36713930
Q067,40.762241,-73.734832,0,0,951,0,585008,2084811,0,0,0,2084811,2669819
Q068,40.696961,-73.897372,0,0,597,0,1740118,0,0,0,0,0,1740118
Q069,40.748804,-73.888457,0,0,1018,0,2697576,3649456,0,0,0,3649456,6347032
Q070,40.761762,-73.913964,0,0,859,0,159175,0,0,0,0,0,159175
Q071,40.711388,-73.904798,0,0,700,0,1810505,0,0,8585678,0,8585678,10396183
Q072,40.675014,-73.775643,0,0,671,0,3385112,0,0,0,0,0,3385112
Q073,40.728558,-73.893318,0,0,1971,0,15892324,0,0,0,0,0,15892324
Q074,40.744743,-73.766653,0,0,1158,0,352385,0,0,0,0,0,352385
Q075,40.698699,-73.904888,0,0,560,0,49621,10161288,0,0,0,10161288,10210909
Q076,40.760862,-73.94163,0,0,446,0,1128549,0,0,0,0,0,1128549
Q079,40.786201,-73.817338,0,0,1088,0,25551221,0,0,0,0,0,25551221
Q080,40.673483,-73.769119,0,0,472,0,1283050,0,0,0,0,0,1283050
Q081,40.703942,-73.911885,0,0,643,0,2237589,0,0,0,0,0,2237589
Q082,40.703897,-73.8122,0,0,653,0,459320,0,0,4549374,0,4549374,5008694
Q084,40.771154,-73.906117,0,0,285,0,756461,0,0,0,0,0,756461
Q085,40.773126,-73.915039,0,0,636,0,1391242,0,0,0,0,0,1391242
Q086,40.709461,-73.803001,0,0,854,0,1449762,0,0,0,0,0,1449762
Q087,40.711559,-73.871674,0,0,617,0,2589902,0,0,0,0,0,2589902
Q088,40.704105,-73.896437,0,0,862,0,2869834,0,0,0,0,0,2869834
Q089,40.745963,-73.879641,0,0,1810,0,1870150,0,0,0,0,0,1870150
Q090,40.696653,-73.839517,0,0,810,0,1424302,0,0,0,0,0,1424302
Q091,40.703503,-73.883995,0,0,737,0,974564,0,0,0,0,0,974564
Q093,40.705609,-73.903057,0,0,1124,0,633648,0,0,21290080,0,21290080,21923728
Q094,40.771258,-73.738703,0,0,310,0,605595,0,0,0,0,0,605595
Q095,40.711295,-73.783283,0,0,1441,0,1221915,0,0,0,0,0,1221915
Q096,40.675369,-73.808128,0,0,314,0,299305,0,0,0,0,0,299305
Q097,40.694232,-73.860031,0,0,714,0,507670,0,0,0,0,0,507670
Q098,40.768906,-73.749998,0,1,281,0,1885003,0,0,0,0,0,1885003
Q099,40.711502,-73.827722,0,0,781,0,35000,0,3951958,0,0,3951958,3986958
Q100,40.679694,-73.821545,0,0,964,0,1157678,0,0,0,0,0,1157678
Q101,40.715543,-73.8434,0,0,672,0,129149,0,0,0,0,0,129149
Q102,40.733033,-73.878243,0,0,1303,0,507292,14737800,0,0,0,14737800,15245092
Q104,40.608002,-73.764621,0,0,634,0,10230599,0,0,0,0,0,10230599
Q105,40.595911,-73.780961,1,1,832,0,328045,0,0,0,5495074,5495074,5823119
Q106,40.594738,-73.766846,1,1,209,0,134692,0,0,0,0,0,134692
Q107,40.755364,-73.799476,0,0,938,0,122471,0,0,0,0,0,122471
Q108,40.679083,-73.831025,0,0,1412,0,1195774,28479420,0,0,0,28479420,29675194
Q109,40.720074,-73.746375,0,0,1164,0,279065,0,0,0,0,0,279065
Q111,40.758342,-73.939181,0,1,339,0,898140,0,0,0,0,0,898140
Q112,40.757293,-73.933562,0,0,450,0,2337274,0,0,7180101,0,7180101,9517375
Q113,40.705476,-73.861493,0,0,884,0,275000,0,0,0,0,0,275000
Q114,40.577552,-73.854364,1,1,678,0,249865,0,0,0,23359268,23359268,23609133
Q115,40.744201,-73.709404,0,0,778,0,7605105,0,0,0,0,0,7605105
Q116,40.70084,-73.781839,0,0,771,0,1374999,0,0,0,0,0,1374999
Q117,40.710428,-73.812968,0,0,974,0,1032615,0,0,0,0,0,1032615
Q118,40.703182,-73.765237,0,0,451,0,149839,0,0,0,0,0,149839
Q119,40.705187,-73.875073,0,0,1275,0,530934,0,0,592381,0,592381,1123315
Q120,40.745215,-73.828674,0,0,976,0,134735,0,0,0,0,0,134735
Q121,40.683585,-73.81533,0,0,882,0,1308289,0,0,18349623,0,18349623,19657912
Q122,40.780507,-73.915785,0,0,1366,0,2063060,0,0,0,0,0,2063060
Q123,40.678913,-73.795571,0,0,668,0,3489275,0,0,0,0,0,3489275
Q124,40.665669,-73.811266,0,0,1134,0,6822623,0,0,0,0,0,6822623
Q125,40.740452,-73.918762,0,0,1509,0,175000,0,0,0,0,0,175000
Q126,40.766008,-73.92999,1,1,692,0,2320846,0,0,0,0,0,2320846
Q127,40.765507,-73.870931,0,0,1256,0,467329,0,0,0,0,0,467329
Q129,40.789926,-73.839505,0,0,1079,0,55597652,0,0,0,0,0,55597652
Q130,40.760219,-73.784009,0,0,407,0,262036,0,0,0,0,0,262036
Q131,40.71715,-73.794061,0,0,748,0,57192930,0,0,6866576,0,6866576,64059506
Q132,40.681948,-73.7493,0,0,362,0,2008846,5841533,0,0,0,5841533,7850379
Q133,40.732458,-73.717819,0,0,584,0,3129308,0,0,0,0,0,3129308
Q134,40.707535,-73.754747,0,0,332,0,169464,0,0,0,0,0,169464
Q135,40.720864,-73.757591,0,0,932,0,170454,0,0,0,0,0,170454
Q136,40.69894,-73.752694,0,0,581,0,392776,0,0,0,0,0,392776
Q137,40.678112,-73.839377,0,0,1916,0,916036,0,0,0,0,0,916036
Q138,40.659876,-73.734342,0,0,711,0,718780,0,0,0,0,0,718780
Q139,40.728012,-73.862561,0,0,732,0,1067427,0,0,2286161,0,2286161,3353588
Q140,40.687486,-73.781255,0,0,476,0,266558,0,0,0,0,0,266558
Q141,40.775766,-73.904508,0,0,1180,0,1829393,0,0,0,0,0,1829393
Q142,40.683473,-73.800875,0,0,393,0,209603,0,0,0,0,0,209603
Q143,40.755393,-73.855715,0,0,1346,0,105225650,0,0,0,0,0,105225650
Q144,40.71489,-73.852398,0,0,905,0,65527561,0,0,0,0,0,65527561
Q145,40.754389,-73.887523,0,0,1709,0,9458577,0,0,0,0,0,9458577
Q146,40.660531,-73.834896,1,1,623,0,1654927,0,0,0,0,0,1654927
Q147,40.698028,-73.74014,0,0,561,0,1102016,0,0,0,0,0,1102016
Q148,40.757629,-73.878638,0,0,804,0,1406427,5514300,0,0,0,5514300,6920727
Q149,40.755759,-73.874505,0,0,979,0,1234862,0,0,0,0,0,1234862
Q150,40.745887,-73.923375,0,0,1028,0,1159499,0,0,0,0,0,1159499
Q151,40.758027,-73.908146,0,0,359,0,5935029,0,0,0,0,0,5935029
Q152,40.753094,-73.900584,0,0,1015,0,204722,0,0,0,0,0,204722
Q153,40.716296,-73.904463,0,0,1126,0,214135,0,0,4339932,0,4339932,4554067
Q154,40.726473,-73.80775,0,0,664,0,446566,0,0,0,0,0,446566
Q155,40.679105,-73.810067,0,0,535,0,2158392,15138550,0,0,0,15138550,17296942
Q156,40.672259,-73.743327,0,0,400,0,4781102,0,0,0,0,0,4781102
Q157,40.732348,-73.852879,0,0,1651,0,1009781,0,0,0,0,0,1009781
Q158,40.756562,-73.771878,0,0,1078,0,2013383,0,0,0,0,0,2013383
Q159,40.770108,-73.783973,0,0,662,0,1220499,1520615,0,0,0,1520615,2741114
Q160,40.688373,-73.799685,0,0,623,0,319333,11337830,0,0,0,11337830,11657163
Q161,40.690439,-73.82108,0,0,635,0,250340,0,0,0,0,0,250340
Q162,40.748405,-73.776576,0,0,661,0,7487998,0,0,0,0,0,7487998
Q163,40.741107,-73.808765,0,0,813,0,701705,0,0,0,0,0,701705
Q164,40.721514,-73.823569,0,0,678,0,379875,0,0,0,0,0,379875
Q165,40.729746,-73.816966,0,0,714,0,369350,0,0,0,0,0,369350
Q166,40.757497,-73.926249,0,0,1000,0,191260,0,0,0,0,0,191260
Q168,40.724195,-73.80938,0,0,1375,0,674036,0,0,683942,0,683942,1357978
Q169,40.782331,-73.77843,0,0,797,0,83488346,0,0,0,0,0,83488346
Q171,40.770926,-73.929093,1,1,465,0,2053516,0,0,0,0,0,2053516
Q172,40.741409,-73.713245,0,0,979,0,276678,0,0,0,0,0,276678
Q173,40.734097,-73.795651,0,0,964,0,653822,0,0,0,0,0,653822
Q174,40.720583,-73.861462,0,0,681,0,1439139,0,0,0,0,0,1439139
Q175,40.731016,-73.85221,0,0,813,0,3014146,0,0,0,0,0,3014146
Q176,40.684987,-73.729226,0,0,757,0,7148994,0,0,0,0,0,7148994
Q177,40.7434,-73.787419,0,0,488,0,11118711,6529954,0,0,0,6529954,17648665
Q178,40.724061,-73.777314,0,0,548,0,240000,0,0,0,0,0,240000
Q179,40.7417,-73.778118,0,0,410,0,737307,0,0,0,0,0,737307
Q180,40.584543,-73.825162,1,1,1351,0,3715746,0,0,0,0,0,3715746
Q181,40.655674,-73.752948,0,0,322,0,429532,0,0,0,0,0,429532
Q183,40.58922,-73.805866,1,1,484,0,1937213,0,0,0,0,0,1937213
Q184,40.778334,-73.799158,0,0,518,0,474572,0,0,0,0,0,474572
Q185,40.774906,-73.818607,0,0,1506,0,864241,0,0,0,0,0,864241
Q186,40.749556,-73.721594,0,0,772,0,335604,0,0,0,0,0,335604
Q188,40.736063,-73.753985,0,0,720,0,1359999,0,0,0,0,0,1359999
Q189,40.759963,-73.818399,0,0,1201,0,291177,0,0,180036,0,180036,471213
Q190,40.723478,-73.8517,0,0,1082,0,456075,0,0,2866177,0,2866177,3322252
Q191,40.734266,-73.708617,0,0,958,0,1267582,8451819,0,0,0,8451819,9719401
Q192,40.705989,-73.752885,0,0,1080,0,295000,0,0,0,0,0,295000
Q193,40.792053,-73.808987,0,0,559,0,12581346,0,0,0,0,0,12581346
Q194,40.783231,-73.80699,0,0,1280,0,9388809,0,0,0,0,0,9388809
Q195,40.652641,-73.735618,1,1,531,0,385890,0,0,0,100000,100000,485890
Q196,40.722792,-73.837379,0,0,1022,0,43744573,0,0,0,0,0,43744573
Q197,40.599664,-73.744128,1,1,523,0,342820,0,0,5882572,0,5882572,6225392
Q198,40.594008,-73.786649,1,1,399,0,49985,0,0,0,5159468,5159468,5209453
Q199,40.739831,-73.926081,0,0,801,0,10921097,0,0,0,0,0,10921097
Q200,40.73107,-73.805759,0,0,541,0,690938,0,0,0,0,0,690938
Q201,40.736541,-73.813011,0,0,474,0,8076002,0,0,0,0,0,8076002
Q202,40.670905,-73.845992,0,0,1740,0,180443,0,0,0,0,0,180443
Q203,40.753606,-73.759822,0,0,914,0,4447791,0,0,0,0,0,4447791
Q204,40.756471,-73.932628,0,0,993,0,1026418,0,0,0,0,0,1026418
Q205,40.738008,-73.756374,0,0,316,0,358204,18089001,0,0,0,18089001,18447205
Q206,40.73404,-73.861004,0,0,611,0,67411278,0,0,0,0,0,67411278
Q207,40.657736,-73.843881,1,1,690,0,703743,0,0,0,0,0,703743
Q208,40.744276,-73.727632,0,0,714,0,266227,0,0,0,0,0,266227
Q209,40.783777,-73.795845,0,0,557,0,526777,0,0,0,0,0,526777
Q210,40.68476,-73.847633,0,0,1884,0,722002,0,0,0,0,0,722002
Q212,40.753035,-73.884458,0,0,793,0,215000,0,0,0,0,0,215000
Q213,40.747457,-73.74539,0,0,456,0,2428635,0,0,0,0,0,2428635
Q214,40.770215,-73.827606,0,0,443,0,480845,0,0,0,0,0,480845
Q215,40.599467,-73.758587,0,0,543,0,300000,0,0,0,0,0,300000
Q216,40.737188,-73.794501,0,0,1520,0,10952178,0,0,15050073,0,15050073,26002251
Q217,40.710384,-73.811461,0,0,1666,0,8247397,0,0,0,0,0,8247397
Q219,40.737448,-73.823841,0,0,625,0,865151,0,0,5326495,0,5326495,6191646
Q220,40.736314,-73.852621,0,0,703,0,449629,0,0,0,0,0,449629
Q221,40.758808,-73.731518,0,0,635,0,650000,0,0,0,0,0,650000
Q222,40.750442,-73.879991,0,0,280,0,999999,0,0,0,0,0,999999
Q223,40.673898,-73.78953,0,0,576,0,7888009,0,0,0,0,0,7888009
Q225,40.580907,-73.83109,1,1,761,0,388010,0,0,0,10262312,10262312,10650322
Q226,40.675021,-73.81673,0,0,1669,0,730771,7336664,0,0,0,7336664,8067435
Q227,40.757567,-73.874614,0,0,1585,0,1249260,0,0,0,0,0,1249260
Q228,40.756931,-73.874947,0,0,304,0,71000,0,0,0,0,0,71000
Q229,40.734682,-73.897108,0,0,1421,0,12632611,0,0,0,0,0,12632611
Q230,40.752618,-73.892883,0,0,1261,0,84735,0,0,0,0,0,84735
Q231,40.664809,-73.759396,0,0,672,0,3431736,0,0,0,0,0,3431736
Q232,40.665408,-73.850622,1,1,949,0,17554660,0,0,0,0,0,17554660
Q234,40.766898,-73.923044,0,0,605,0,696500,0,0,0,0,0,696500
Q237,40.74943,-73.821402,0,0,2026,0,8793117,0,0,0,0,0,8793117
Q238,40.712743,-73.779653,0,0,1301,0,1627237,0,0,10014141,0,10014141,11641378
Q239,40.699431,-73.903838,0,0,539,0,326712,0,0,0,0,0,326712
Q242,40.769752,-73.832005,1,1,397,0,1461220,0,0,0,0,0,1461220
Q244,40.754483,-73.826192,0,0,459,0,134733,0,0,0,0,0,134733
Q245,40.706837,-73.91499,0,0,592,0,0,0,0,0,0,0,0
Q247,40.715005,-73.885974,0,0,952,0,39484875,0,0,0,0,0,39484875
Q251,40.664809,-73.759396,0,0,351,0,134247,0,0,0,0,0,134247
Q253,40.607247,-73.748799,0,0,562,0,0,0,0,0,0,0,0
Q254,40.6972,-73.847886,0,0,604,0,125000,0,0,8399038,0,8399038,8524038
Q260,40.749175,-73.865787,0,0,899,0,684598,0,0,0,0,0,684598
Q262,40.691482,-73.848577,0,0,395,0,0,0,0,0,0,0,0
Q263,40.720617,-73.731398,0,0,489,0,833669,0,0,0,0,0,833669
Q266,40.746128,-73.728415,0,0,654,0,389435,0,0,0,0,0,389435
Q268,40.707648,-73.78521,0,0,632,0,1009468,0,0,0,0,0,1009468
Q270,40.67507,-73.736232,0,0,751,0,208047,0,0,0,0,0,208047
Q273,40.693613,-73.844335,0,0,316,0,0,0,0,0,0,0,0
Q276,40.693736,-73.796358,0,0,563,0,384885,0,0,0,0,0,384885
Q277,40.70675,-73.803183,0,0,718,0,185000,0,0,0,0,0,185000
Q280,40.753345,-73.874109,0,0,622,0,933378,0,0,0,0,0,933378
Q287,40.757888,-73.859202,0,0,561,0,105050,0,0,0,0,0,105050
Q290,40.71303,-73.908307,0,0,588,0,254096,0,0,0,0,0,254096
Q292,40.755983,-73.868773,0,0,907,0,183736,0,0,0,0,0,183736
Q298,40.741139,-73.863408,0,0,517,0,43000,0,0,0,0,0,43000
Q311,40.74592,-73.865239,0,0,761,0,102000,0,0,0,0,0,102000
Q313,40.74258,-73.922604,0,0,423,0,35000,0,0,0,0,0,35000
Q314,40.708698,-73.797981,0,0,789,0,177736,0,0,0,0,0,177736
Q315,40.745995,-73.866372,0,0,894,0,35000,0,0,0,0,0,35000
Q316,40.683112,-73.850123,0,0,401,0,0,0,0,0,0,0,0
Q329,40.761573,-73.872244,0,0,457,0,158021,0,0,0,0,0,158021
Q332,40.754954,-73.770314,0,0,173,0,50000,0,0,0,0,0,50000
Q335,40.668083,-73.83685,0,0,295,0,0,0,0,0,0,0,0
Q336,40.785129,-73.843504,0,0,154,0,22990,0,0,0,0,0,22990
Q339,40.747701,-73.90643,0,0,346,0,0,0,0,0,0,0,0
Q374,40.655811,-73.738793,1,1,450,0,0,0,0,0,0,0,0
Q400,40.673949,-73.782684,0,0,1102,0,12501164,0,0,0,0,0,12501164
Q404,40.742964,-73.959183,1,1,989,0,70000,0,0,0,0,0,70000
Q405,40.771398,-73.781041,0,0,2850,0,4203551,0,0,0,0,0,4203551
Q410,40.586012,-73.825317,1,1,1766,0,4616278,0,0,0,0,0,4616278
Q415,40.752343,-73.757271,0,0,3609,0,2021920,0,0,0,0,0,2021920
Q420,40.66903,-73.757744,0,0,1820,0,1457764,0,0,0,0,0,1457764
Q425,40.737448,-73.823841,0,0,3522,0,861381,0,0,7468310,0,7468310,8329691
Q430,40.740875,-73.795049,0,0,4492,0,2410598,0,2019364,0,0,2019364,4429962
Q435,40.733888,-73.739726,0,0,1681,0,5981167,0,11306,0,0,11306,5992473
Q440,40.730017,-73.843972,0,0,3806,0,15498008,0,0,0,0,0,15498008
Q445,40.757072,-73.911165,0,0,2344,0,1915142,0,0,0,0,0,1915142
Q450,40.751838,-73.936592,0,0,828,0,777969,0,0,0,0,0,777969
Q451,40.751144,-73.937564,0,0,1007,0,97700,0,0,0,0,0,97700
Q452,40.765881,-73.933907,1,1,2252,0,26354225,17972542,0,0,0,17972542,44326767
Q455,40.740824,-73.874129,0,0,2078,0,4193363,0,0,0,0,0,4193363
Q456,40.737673,-73.853412,0,0,784,0,140000,0,0,0,0,0,140000
Q460,40.764892,-73.826811,0,0,2586,0,2704632,0,0,9945841,0,9945841,12650473
Q465,40.601537,-73.763995,1,1,1702,0,4833523,0,0,23977124,0,23977124,28810647
Q470,40.714551,-73.798658,0,0,2074,0,7308004,0,0,0,0,0,7308004
Q475,40.695171,-73.833815,0,0,1576,0,4354025,0,0,0,0,0,4354025
Q480,40.680065,-73.838616,0,0,2366,0,4184282,19640902,0,0,0,19640902,23825184
Q485,40.711881,-73.909202,0,0,1715,0,3023949,0,0,0,0,0,3023949
Q490,40.698786,-73.74633,0,0,1648,0,3411259,0,0,0,0,0,3411259
Q499,40.738599,-73.820821,0,0,535,0,307000,0,0,0,0,0,307000
Q505,40.709461,-73.803001,0,0,3300,0,1353269,0,0,0,0,0,1353269
Q515,40.737038,-73.821532,0,0,1182,0,1190150,0,0,0,0,0,1190150
Q520,40.743253,-73.933316,0,0,1015,0,210000,0,0,0,0,0,210000
Q566,40.744197,-73.728834,0,0,1070,0,422894,0,0,0,0,0,422894
Q570,40.756099,-73.925182,0,0,853,0,676933,0,0,0,0,0,676933
Q585,40.729104,-73.887909,0,0,1212,0,920176,0,0,0,0,0,920176
Q595,40.708204,-73.799532,0,0,206,0,2157110,0,0,0,0,0,2157110
Q600,40.741658,-73.927995,0,0,1522,0,540440,0,0,0,0,0,540440
Q610,40.743309,-73.929577,0,0,2088,0,1080000,21607035,0,0,0,21607035,22687035
Q620,40.716071,-73.799692,0,0,2196,0,2658742,0,0,0,0,0,2658742
Q633,40.69172,-73.778924,0,0,497,0,105000,0,0,0,0,0,105000
Q636,40.693013,-73.829409,0,0,411,0,244209,0,0,0,0,0,244209
Q650,40.689177,-73.841475,0,0,1066,0,697964,0,0,0,0,0,697964
Q680,40.708409,-73.804166,0,0,547,0,314653,0,0,0,0,0,314653
Q686,40.708431,-73.855543,0,0,2445,0,620564,0,0,396039,0,396039,1016603
Q690,40.685838,-73.783438,0,0,462,0,977022,0,0,0,0,0,977022
Q695,40.718027,-73.805923,0,0,711,0,105000,0,0,0,0,0,105000
Q707,40.72528,-73.811408,0,0,702,0,409200,0,0,0,0,0,409200
Q721,40.748996,-73.860547,0,0,1509,0,3189622,0,0,0,0,0,3189622
Q722,40.735613,-73.867882,0,0,484,0,767153,0,0,4709896,0,4709896,5477049
Q725,40.748502,-73.946488,0,0,1011,0,742900,0,0,0,0,0,742900
Q735,40.744175,-73.937004,0,0,1699,0,1774068,0,0,0,0,0,1774068
Q739,40.770769,-73.92383,0,0,586,0,2437897,0,0,0,0,0,2437897
Q744,40.743228,-73.871505,0,0,1255,0,1940934,0,0,0,0,0,1940934
Q774,40.700884,-73.798364,0,0,475,0,527709,0,0,0,0,0,527709
Q777,40.73668,-73.921346,0,0,483,0,0,0,0,0,0,0,0
Q781,40.675626,-73.799756,0,0,304,0,0,0,0,0,0,0,0
Q792,40.720586,-73.819664,0,0,189,0,105000,0,0,0,0,0,105000
Q798,40.754975,-73.926977,0,0,534,0,408236,0,0,0,0,0,408236
Q799,40.711857,-73.771196,0,0,370,0,1092961,0,0,0,0,0,1092961
Q811,40.756481,-73.728412,0,0,431,0,7936939,0,0,0,0,0,7936939
Q849,40.699101,-73.902147,0,0,928,0,249065,0,0,0,0,0,249065
Q868,40.744368,-73.957177,1,1,737,0,0,0,0,0,0,0,0
Q884,40.682293,-73.841675,0,0,454,0,100000,0,0,0,0,0,100000
Q885,40.749934,-73.884817,0,0,576,0,97236,0,0,0,0,0,97236
Q891,40.742217,-73.936442,0,0,649,0,209287,0,0,0,0,0,209287
Q892,40.702329,-73.756259,0,0,209,0,194623,0,0,0,0,0,194623
Q972,40.748159,-73.940316,0,0,32,0,0,0,0,0,0,0,0
QAAT,40.600137,-73.764065,1,1,789,0,0,0,0,0,0,0,0
QABC,40.710973,-73.888325,0,0,403,0,0,0,0,0,0,0,0
QABE,40.756181,-73.902197,0,0,413,0,0,0,0,0,0,0,0
QACG,40.713084,-73.807561,0,0,391,0,0,0,0,0,0,0,0
QACS,40.676318,-73.753009,0,0,513,0,0,0,0,0,0,0,0
QADC,40.737321,-73.866454,0,0,419,0,0,0,0,0,0,0,0
QAEA,40.755714,-73.924175,0,0,731,0,0,0,0,0,0,0,0
QAGE,40.600659,-73.752565,0,0,366,0,0,0,0,0,0,0,0
QALJ,40.760376,-73.939984,0,0,688,0,0,0,0,0,0,0,0
QAOG,40.759419,-73.861594,0,0,180,0,0,0,0,0,0,0,0
QAPM,40.747914,-73.723644,0,0,313,0,149243,0,0,0,0,0,149243
QARY,40.752598,-73.935743,0,0,829,0,0,0,0,0,0,0,0
QAXX,40.689012,-73.763282,0,0,964,0,0,0,0,0,0,0,0
QBAW,40.680016,-73.778613,0,0,321,0,0,0,0,0,0,0,0
QBKP,40.766487,-73.816232,0,0,104,0,0,0,0,0,0,0,0
QBQB,40.671281,-73.856042,0,0,95,0,0,0,0,0,0,0,0
R001,40.508638,-74.24395,0,0,446,0,1337416,0,0,14161821,0,14161821,15499237
R002,40.576728,-74.099685,1,1,1064,0,1705685,0,0,0,0,0,1705685
R003,40.520812,-74.21185,0,0,741,0,2210008,0,0,0,0,0,2210008
R004,40.552059,-74.195281,0,0,678,0,559273,0,0,0,0,0,559273
R005,40.529389,-74.187276,0,0,313,0,869047,2866690,0,0,0,2866690,3735737
R006,40.510207,-74.230118,0,0,532,0,1293919,0,0,0,0,0,1293919
R007,40.522971,-74.186096,0,0,1167,0,5732942,0,0,0,0,0,5732942
R008,40.547567,-74.152212,0,0,596,0,3360904,0,0,0,0,0,3360904
R011,40.590887,-74.098252,0,0,309,0,2998450,0,0,0,0,0,2998450
R013,40.613322,-74.068963,0,0,859,0,268000,7913213,0,0,0,7913213,8181213
R014,40.622415,-74.079228,0,0,779,0,1431034,0,0,0,0,0,1431034
R016,40.639638,-74.079594,0,0,667,0,1229665,0,0,0,0,0,1229665
R018,40.636521,-74.116817,0,0,491,0,513351,0,0,0,0,0,513351
R019,40.630563,-74.126851,0,0,547,0,1887746,0,0,0,0,0,1887746
R020,40.636729,-74.132382,0,0,451,0,12383,0,0,0,0,0,12383
R021,40.631165,-74.144599,0,0,346,0,854209,0,0,0,0,0,854209
R022,40.624847,-74.150544,0,0,933,0,927251,0,0,0,0,0,927251
R023,40.570765,-74.133216,0,0,545,0,713388,0,0,0,0,0,713388
R024,40.54549,-74.145558,0,0,1317,0,4530014,0,0,0,0,0,4530014
R026,40.591546,-74.190093,0,0,298,0,453649,0,0,0,0,0,453649
R027,40.628291,-74.117818,0,0,1036,0,374764,0,0,0,0,0,374764
R029,40.614039,-74.116197,0,0,602,0,1253773,0,0,0,0,0,1253773
R030,40.618097,-74.13308,0,0,826,0,649282,0,0,11285969,0,11285969,11935251
R031,40.64209,-74.08542,0,0,388,0,592498,0,0,0,0,0,592498
R032,40.5579,-74.1554,0,0,679,0,554624,0,0,0,0,0,554624
R034,40.5083,-74.2434,0,0,1061,0,20970851,0,0,13746044,0,13746044,34716895
R035,40.613548,-74.098994,0,0,408,0,188000,0,0,0,0,0,188000
R036,40.543433,-74.182548,0,0,866,0,1398074,0,0,0,0,0,1398074
R038,40.574799,-74.099409,1,1,364,0,762891,0,0,0,0,0,762891
R039,40.597824,-74.07061,0,0,525,0,445000,0,0,0,0,0,445000
R040,40.64118,-74.095454,0,0,568,0,853350,0,0,0,0,0,853350
R041,40.573599,-74.108492,0,0,698,0,473868,0,0,0,0,0,473868
R042,40.552213,-74.169038,0,0,1056,0,1951499,0,0,0,0,0,1951499
R043,40.581958,-74.159343,0,0,1380,0,11980035,0,0,0,0,0,11980035
R044,40.631689,-74.157303,0,0,772,0,1779180,3775024,0,0,0,3775024,5554204
R045,40.628419,-74.107537,0,0,862,0,1300655,0,0,0,0,0,1300655
R046,40.594455,-74.080829,0,0,243,0,1168710,0,0,0,0,0,1168710
R048,40.60265,-74.090245,0,0,326,0,9749310,0,1453659,4553438,0,6007097,15756407
R049,40.620443,-74.080695,0,0,805,0,1375932,2282287,0,0,0,2282287,3658219
R050,40.560954,-74.124332,1,1,725,0,750628,0,0,0,0,0,750628
R051,40.623077,-74.145522,0,0,1335,0,2518695,0,0,0,0,0,2518695
R052,40.58255,-74.089012,1,1,581,0,873793,0,0,0,0,0,873793
R053,40.551926,-74.13664,0,0,840,0,1398727,0,0,0,0,0,1398727
R054,40.602779,-74.137259,0,0,787,0,1049767,0,0,0,0,0,1049767
R055,40.536625,-74.163037,0,0,582,0,698870,0,0,0,0,0,698870
R056,40.541856,-74.213943,0,0,578,0,1170624,0,0,0,0,0,1170624
R057,40.611136,-74.083799,0,0,640,0,946819,0,0,0,0,0,946819
R058,40.582791,-74.160867,0,0,691,0,701624,0,0,304519,0,304519,1006143
R059,40.647898,-74.083408,0,0,301,0,100000,0,0,0,0,0,100000
R060,40.610604,-74.162634,0,0,862,0,279428,0,0,0,0,0,279428
R061,40.634497,-74.097941,0,0,967,0,575916,0,0,15427265,0,15427265,16003181
R062,40.541563,-74.217934,0,0,282,0,210000,0,0,0,0,0,210000
R066,40.624781,-74.142526,0,0,238,0,271000,0,0,0,0,0,271000
R069,40.59148,-74.157327,0,0,925,0,1084586,0,0,0,0,0,1084586
R071,40.603492,-74.091239,0,0,1001,0,301101,0,0,0,0,0,301101
R072,40.592132,-74.158618,0,0,1444,0,13482484,0,0,0,0,0,13482484
R075,40.544535,-74.197033,0,0,1455,0,3819460,8514363,0,0,0,8514363,12333823
R435,40.570909,-74.105878,0,0,3051,0,4257168,0,0,0,0,0,4257168
R440,40.568299,-74.117086,0,0,1331,0,781367,2040155,0,0,0,2040155,2821522
R445,40.635562,-74.141924,0,0,1564,0,1099030,23968568,0,0,0,23968568,25067598
R450,40.645436,-74.082149,0,0,2586,0,407612,0,0,0,0,0,407612
R455,40.528152,-74.193431,0,0,3654,0,4497582,0,0,0,0,0,4497582
R460,40.588985,-74.130819,0,0,3383,0,2289848,0,0,32878559,0,32878559,35168407
R470,40.61062,-74.087072,0,0,166,0,497497,0,0,0,0,0,497497
R600,40.64282,-74.079263,0,0,795,0,3769235,15770007,0,0,0,15770007,19539242
R722,40.620835,-74.077054,0,0,459,0,30216290,0,0,0,0,0,30216290
R825,40.512019,-74.218688,0,0,582,0,224401,0,0,0,0,0,224401
R829,40.633666,-74.078337,0,0,437,0,68000,0,0,0,0,0,68000
R831,40.638993,-74.079438,0,0,298,0,1483485,0,0,0,0,0,1483485
R840,40.5641,-74.151368,0,0,366,0,7839485,0,0,0,0,0,7839485
R861,40.62031,-74.164427,0,0,906,0,844084,0,0,0,0,0,844084
R880,40.607637,-74.105883,0,0,1330,0,3251533,0,0,0,0,0,3251533
RABX,40.639677,-74.137166,0,0,412,0,0,0,0,0,0,0,0
RAHR,40.607104,-74.178183,0,1,960,0,0,0,0,0,0,0,0
X001,40.819331,-73.919634,0,0,649,0,0,0,0,0,0,0,0
X002,40.833884,-73.902794,0,0,878,0,7797490,0,0,0,0,0,7797490
X003,40.850131,-73.89163,0,0,321,0,6699418,0,0,4163888,0,4163888,10863306
X004,40.841758,-73.897943,0,0,898,0,72375,0,0,0,0,0,72375
X005,40.813896,-73.908358,0,0,729,0,0,0,0,0,0,0,0
X006,40.840445,-73.882531,0,0,1033,0,334235,0,0,0,0,0,334235
X007,40.881562,-73.905697,0,0,688,0,656256,0,0,0,0,0,656256
X008,40.872259,-73.883339,0,0,939,0,40000,0,0,0,0,0,40000
X009,40.85644,-73.898821,0,0,830,0,32761985,0,0,0,0,0,32761985
X011,40.839693,-73.92589,0,0,552,0,3081687,0,0,0,0,0,3081687
X012,40.840625,-73.844685,0,0,271,0,5773122,0,0,0,0,0,5773122
X014,40.835318,-73.826277,0,0,581,0,5581591,149446,0,0,0,149446,5731037
X015,40.859243,-73.909763,0,0,1076,0,551527,0,1311248,0,0,1311248,1862775
X016,40.902311,-73.854231,0,0,335,0,6101167,0,0,0,0,0,6101167
X018,40.816369,-73.922697,0,0,574,0,1417487,0,0,0,0,0,1417487
X019,40.899351,-73.866949,0,0,520,0,61905481,0,0,0,0,0,61905481
X020,40.869482,-73.878731,0,0,1518,0,286059,0,0,0,0,0,286059
X021,40.887888,-73.85942,0,0,647,0,3083996,0,0,0,0,0,3083996
X022,40.832022,-73.91435,0,0,821,0,1505685,0,0,0,0,0,1505685
X023,40.853294,-73.894951,0,0,445,0,98922,11351053,0,0,0,11351053,11449975
X024,40.886922,-73.915114,0,0,844,0,8661392,0,0,0,0,0,8661392
X025,40.812895,-73.905751,0,0,541,0,356480,0,0,14325923,0,14325923,14682403
X026,40.854335,-73.913016,0,0,830,0,839728,0,0,0,0,0,839728
X027,40.813385,-73.913872,0,0,480,0,200000,6643405,0,0,0,6643405,6843405
X028,40.848344,-73.903821,0,0,727,0,12151784,0,0,0,0,0,12151784
X029,40.821544,-73.916419,0,0,795,0,835878,8201672,0,0,0,8201672,9037550
X030,40.809023,-73.917417,0,0,957,0,0,0,0,0,0,0,0
X032,40.851724,-73.88622,0,0,758,0,10606981,0,0,0,0,0,10606981
X033,40.861698,-73.901268,0,0,890,0,6729216,0,0,0,0,0,6729216
X034,40.850168,-73.883877,0,0,506,0,60000,9014902,0,0,0,9014902,9074902
X035,40.828009,-73.917705,0,0,618,0,238903,0,0,0,0,0,238903
X036,40.82948,-73.849791,0,0,764,0,9905054,0,0,0,0,0,9905054
X037,40.877935,-73.913694,1,1,630,0,90000,774883,0,0,0,774883,864883
X039,40.817741,-73.897876,0,0,342,0,11160691,963125,0,0,0,963125,12123816
X040,40.80908,-73.919773,0,0,563,0,1248567,0,0,0,0,0,1248567
X041,40.874754,-73.867834,0,0,862,0,223686,11022370,0,0,0,11022370,11246056
X042,40.838636,-73.903243,0,0,399,0,364846,5562005,0,0,0,5562005,5926851
X043,40.806452,-73.921593,0,0,452,0,24085002,0,0,0,0,0,24085002
X044,40.842564,-73.891086,0,0,285,0,207601,0,0,10743929,0,10743929,10951530
X045,40.858389,-73.887026,0,0,709,0,1042250,0,0,0,0,0,1042250
X046,40.867169,-73.890402,0,0,853,0,98379009,11146213,0,0,0,11146213,109525222
X047,40.832529,-73.866974,0,0,1054,0,574614,0,0,0,0,0,574614
X048,40.814034,-73.886834,0,0,668,0,1014140,0,0,0,0,0,1014140
X049,40.810413,-73.92273,0,0,650,0,90024,0,0,0,0,0,90024
X050,40.834188,-73.886995,0,0,558,0,1147379,0,0,0,0,0,1147379
X052,40.816078,-73.901599,0,0,1256,0,2411506,3663903,0,0,0,3663903,6075409
X053,40.832648,-73.911906,0,0,1037,0,6018708,0,0,0,0,0,6018708
X054,40.864872,-73.88794,0,0,475,0,1266290,0,0,0,0,0,1266290
X055,40.835934,-73.90497,0,0,1347,0,1350671,0,0,17956691,0,17956691,19307362
X056,40.875481,-73.874912,0,0,669,0,0,0,0,0,0,0,0
X057,40.848748,-73.888987,0,0,791,0,652000,4371471,0,0,0,4371471,5023471
X058,40.846383,-73.898826,0,0,426,0,3469534,9243107,0,0,0,9243107,12712641
X059,40.853141,-73.893639,0,0,519,0,369175,0,0,0,0,0,369175
X060,40.820108,-73.898399,0,0,625,0,679515,0,0,0,0,0,679515
X061,40.836156,-73.892784,0,0,570,0,188852,9540461,0,0,0,9540461,9729313
X062,40.813736,-73.900161,0,0,668,0,9870068,0,0,0,0,0,9870068
X063,40.83093,-73.901859,0,0,530,0,2553836,0,0,0,0,0,2553836
X064,40.8404,-73.915879,0,0,919,0,403138,0,0,0,0,0,403138
X065,40.807916,-73.912557,0,0,892,0,1079866,0,0,10057302,0,10057302,11137168
X066,40.831493,-73.88654,0,0,878,0,0,0,0,0,0,0,0
X067,40.843781,-73.884192,0,0,485,0,4146487,20781411,0,0,0,20781411,24927898
X068,40.891603,-73.83888,0,0,643,0,4965013,0,0,0,0,0,4965013
X069,40.8167,-73.86046,0,0,629,0,42885,0,0,0,0,0,42885
X070,40.844236,-73.90807,0,0,1104,0,100000,0,0,0,0,0,100000
X071,40.845379,-73.829562,0,0,1567,0,1028818,0,0,0,0,0,1028818
X072,40.823237,-73.818172,0,0,757,0,449465,0,0,0,0,0,449465
X073,40.832609,-73.926415,0,0,574,0,310305,0,0,0,0,0,310305
X074,40.815827,-73.885284,0,0,1273,0,381091,13954616,0,0,0,13954616,14335707
X075,40.822314,-73.888948,0,0,588,0,730902,0,0,0,0,0,730902
X076,40.869059,-73.860928,0,0,893,0,0,5530513,0,0,0,5530513,5530513
X077,40.830811,-73.877305,0,0,1766,0,1052667,0,0,0,0,0,1052667
X078,40.878474,-73.850563,0,0,817,0,0,11254660,0,0,0,11254660,11254660
X079,40.855337,-73.903139,0,0,1341,0,1001302,0,0,19647731,0,19647731,20649033
X080,40.876819,-73.881245,0,0,1468,0,312302,0,0,0,0,0,312302
X081,40.903275,-73.904657,0,0,746,0,9726668,0,0,0,0,0,9726668
X082,40.849416,-73.915217,0,0,1153,0,56839,11059175,0,14073504,0,25132679,25189518
X083,40.849176,-73.858769,0,0,1648,0,846333,0,0,0,0,0,846333
X084,40.830552,-73.886798,0,0,634,0,1878644,0,0,7829115,0,7829115,9707759
X085,40.858689,-73.894682,0,0,922,0,1002923,12817851,0,0,0,12817851,13820774
X086,40.869061,-73.897066,0,0,1625,0,628787,0,0,0,0,0,628787
X087,40.895741,-73.846198,0,0,588,0,912139,3532907,0,0,0,3532907,4445046
X088,40.837019,-73.913523,0,0,147,0,94399,0,0,0,0,0,94399
X089,40.862481,-73.859254,0,0,1550,0,192415,1005831,0,0,0,1005831,1198246
X090,40.831873,-73.917526,0,0,1049,0,107604,0,0,0,0,0,107604
X091,40.858286,-73.907494,0,0,646,0,1475926,0,0,0,0,0,1475926
X092,40.846205,-73.889602,0,0,155,0,366931,0,0,0,0,0,366931
X093,40.822522,-73.877274,0,0,603,0,459593,0,0,3105114,0,3105114,3564707
X094,40.880661,-73.875268,0,0,1220,0,326807,0,0,0,0,0,326807
X095,40.883049,-73.891664,0,0,1608,0,9254921,0,0,0,0,0,9254921
X096,40.86073,-73.868986,0,0,897,0,104527,0,0,0,0,0,104527
X097,40.863524,-73.846768,0,0,607,0,68919115,0,0,0,0,0,68919115
X098,40.836245,-73.890591,0,0,1010,0,3051551,0,0,0,0,0,3051551
X099,40.827539,-73.896925,0,0,356,0,381735,0,0,0,0,0,381735
X100,40.822552,-73.86276,0,0,559,0,74750,0,0,0,0,0,74750
X101,40.82708,-73.829211,0,0,1642,0,8015649,0,0,7456600,0,7456600,15472249
X102,40.838151,-73.866038,0,0,1211,0,112000,4763524,0,0,0,4763524,4875524
X103,40.892198,-73.86194,0,0,1019,0,0,6915808,0,0,0,6915808,6915808
X104,40.843453,-73.920826,0,0,717,0,2826540,818979,0,0,0,818979,3645519
X105,40.853075,-73.866264,0,0,1028,0,8227366,0,0,0,0,0,8227366
X106,40.836974,-73.854823,0,0,1106,0,348121,0,0,0,0,0,348121
X107,40.819221,-73.868735,0,0,553,0,99402,0,0,0,0,0,99402
X108,40.8547,-73.8532,0,0,588,0,0,0,0,0,0,0,0
X109,40.851661,-73.918991,0,0,611,0,725095,0,0,5206869,0,5206869,5931964
X110,40.83447,-73.900654,0,0,761,0,349870,0,0,0,0,0,349870
X111,40.884371,-73.839288,0,0,644,0,952179,0,0,0,0,0,952179
X112,40.88494,-73.843977,0,0,414,0,7929545,0,0,0,0,0,7929545
X113,40.880649,-73.860126,0,0,992,0,5367109,0,0,0,0,0,5367109
X114,40.834979,-73.923297,0,0,711,0,9719447,0,0,0,0,0,9719447
X115,40.859496,-73.90049,0,0,878,0,1507203,0,0,2518072,0,2518072,4025275
X116,40.822056,-73.894368,0,0,1231,0,948000,0,0,0,0,0,948000
X117,40.848552,-73.909022,0,0,1024,0,3510908,0,0,0,0,0,3510908
X118,40.848702,-73.892482,0,0,1105,0,1968000,22160262,0,0,0,22160262,24128262
X119,40.828474,-73.857392,0,0,803,0,10209548,698606,0,0,0,698606,10908154
X120,40.822291,-73.906739,0,0,242,0,138962,0,0,13443868,0,13443868,13582830
X121,40.866474,-73.85051,0,0,843,0,293865,7254226,0,0,0,7254226,7548091
X122,40.872477,-73.905547,0,0,674,0,225030,0,0,0,0,0,225030
X123,40.824989,-73.874162,0,0,921,0,542391,0,0,0,0,0,542391
X125,40.829153,-73.857882,0,0,667,0,16803901,0,0,0,0,0,16803901
X126,40.835866,-73.9282,0,0,579,0,454397,0,0,0,0,0,454397
X127,40.838759,-73.853203,0,0,1237,0,1044068,0,0,12476512,0,12476512,13520580
X129,40.846128,-73.886721,0,0,928,0,449082,0,0,0,0,0,449082
X130,40.817742,-73.901709,0,0,433,0,220091,0,0,0,0,0,220091
X131,40.822925,-73.859998,0,0,1417,0,1472909,0,0,0,0,0,1472909
X132,40.832175,-73.907133,0,0,370,0,459474,0,0,0,0,0,459474
X134,40.831613,-73.894241,0,0,622,0,2931961,0,0,0,0,0,2931961
X135,40.862098,-73.865028,0,0,1144,0,264350,0,0,0,0,0,264350
X136,40.831388,-73.897797,0,0,712,0,1509691,9302463,0,0,0,9302463,10812154
X137,40.854257,-73.897404,0,0,1015,0,904212,0,0,2685793,0,2685793,3590005
X138,40.822288,-73.853157,0,0,661,0,2089041,0,0,0,0,0,2089041
X139,40.810314,-73.918774,0,0,1060,0,2177234,2831350,0,0,0,2831350,5008584
X140,40.823318,-73.907489,0,0,613,0,104397,0,0,0,0,0,104397
X141,40.887407,-73.914141,0,0,1513,0,652622,0,0,10812264,0,10812264,11464886
X142,40.886002,-73.839682,0,0,925,0,1571523,0,0,0,0,0,1571523
X143,40.875636,-73.901565,0,0,1178,0,8620055,0,0,0,0,0,8620055
X144,40.863842,-73.836525,0,0,1257,0,100000,0,0,0,0,0,100000
X145,40.827438,-73.914067,0,0,1203,0,910556,0,0,0,0,0,910556
X146,40.824717,-73.905734,0,0,378,0,0,9508369,0,0,0,9508369,9508369
X147,40.840536,-73.904353,0,0,779,0,1954176,0,0,0,0,0,1954176
X148,40.833493,-73.903951,0,0,1081,0,1102302,0,0,0,0,0,1102302
X149,40.813612,-73.920851,0,0,1319,0,2242519,0,0,3630772,0,3630772,5873291
X150,40.82471,-73.894349,0,0,781,0,565002,0,0,0,0,0,565002
X151,40.822574,-73.92114,0,0,2006,0,3046734,0,0,0,0,0,3046734
X152,40.823941,-73.880479,0,0,818,0,5297385,0,0,0,0,0,5297385
X153,40.874035,-73.831669,0,0,623,0,2887678,0,0,0,0,0,2887678
X154,40.808194,-73.925459,0,0,690,0,31810,0,0,0,0,0,31810
X155,40.811051,-73.909363,0,0,525,0,47000,0,0,0,0,0,47000
X156,40.823014,-73.922527,0,0,777,0,0,0,0,12391611,0,12391611,12391611
X157,40.819419,-73.908965,0,0,635,0,774804,0,0,5293197,0,5293197,6068001
X158,40.826933,-73.900593,0,0,1637,0,307476,0,0,0,0,0,307476
X159,40.85568,-73.893136,0,0,194,0,0,0,0,0,0,0,0
X160,40.864073,-73.823816,0,0,1014,0,2625978,0,0,0,0,0,2625978
X161,40.814168,-73.905233,0,0,485,0,14274612,0,0,0,0,0,14274612
X162,40.814857,-73.912038,0,0,1227,0,136414,0,0,0,0,0,136414
X163,40.8517,-73.899005,0,0,472,0,0,0,0,0,0,0,0
X166,40.828009,-73.917705,0,0,1415,0,2048118,0,0,0,0,0,2048118
X167,40.839297,-73.879931,0,0,1425,0,2900646,0,0,0,0,0,2900646
X169,40.881344,-73.839386,0,0,424,0,16518,0,0,0,0,0,16518
X170,40.844367,-73.913253,0,0,236,0,897117,0,0,3625027,0,3625027,4522144
X173,40.848907,-73.909936,0,0,327,0,0,0,0,0,0,0,0
X174,40.815043,-73.85607,0,1,1129,0,1062738,8209584,0,0,0,8209584,9272322
X175,40.844353,-73.78354,1,1,312,0,100000,0,0,0,0,0,100000
X177,40.872559,-73.875375,0,0,747,0,272936,0,0,0,0,0,272936
X178,40.874035,-73.831669,0,0,816,0,3726470,0,0,0,0,0,3726470
X180,40.874035,-73.831669,0,0,1016,0,533465,0,0,0,0,0,533465
X181,40.874035,-73.831669,0,0,890,0,926471,0,0,0,0,0,926471
X182,40.818925,-73.856976,0,0,763,0,19256895,17439,0,4107792,0,4125231,23382126
X183,40.813681,-73.925995,1,1,1173,0,0,8374377,0,0,0,8374377,8374377
X184,40.818703,-73.905389,0,0,1168,0,499514,0,0,0,0,0,499514
X189,40.882778,-73.830616,0,0,640,0,284827,0,0,0,0,0,284827
X192,40.826794,-73.818083,0,0,1058,0,3192055,0,0,0,0,0,3192055
X193,40.843705,-73.890145,0,0,1423,0,27700,0,0,0,0,0,27700
X194,40.83541,-73.846594,0,0,1292,0,0,0,0,0,0,0,0
X198,40.828406,-73.900121,0,0,501,0,500000,0,0,0,0,0,500000
X205,40.855759,-73.881753,0,0,935,0,95694,0,0,0,0,0,95694
X206,40.859534,-73.906285,0,0,229,0,291000,0,0,0,0,0,291000
X209,40.856834,-73.897635,0,0,276,0,0,2239572,0,0,0,2239572,2239572
X211,40.848385,-73.893744,0,0,231,0,67682,0,0,0,0,0,67682
X229,40.8524,-73.9216,1,1,957,0,2861022,0,0,0,0,0,2861022
X234,40.846128,-73.886721,0,0,601,0,29437,0,0,0,0,0,29437
X235,40.835681,-73.919571,0,0,1036,0,734242,0,0,0,0,0,734242
X240,40.842503,-73.916084,0,0,1162,0,109456,0,0,0,0,0,109456
X254,40.858721,-73.889878,0,0,493,0,503227,0,0,0,0,0,503227
X256,40.832328,-73.905771,0,0,681,0,0,0,0,0,0,0,0
X279,40.854666,-73.904958,0,0,1031,0,486483,0,0,2518700,0,2518700,3005183
X283,40.860987,-73.891562,0,0,270,0,21706198,0,0,0,0,0,21706198
X285,40.838232,-73.927892,0,0,378,0,0,0,0,0,0,0,0
X292,40.854423,-73.863733,0,0,425,0,50000,0,0,0,0,0,50000
X306,40.850722,-73.910827,0,0,1085,0,1620893,13138513,0,0,0,13138513,14759406
X311,40.843531,-73.865498,0,0,216,0,100000,0,0,0,0,0,100000
X314,40.901436,-73.854402,0,0,163,0,0,0,0,0,0,0,0
X317,40.826949,-73.859622,0,0,192,0,0,0,0,0,0,0,0
X338,40.849416,-73.915217,0,0,632,0,128436,0,0,0,0,0,128436
X340,40.869407,-73.897171,0,0,593,0,40000,0,0,0,0,0,40000
X360,40.874717,-73.902214,0,0,433,0,100000,0,0,0,0,0,100000
X362,40.888242,-73.852714,0,0,1109,0,298999,0,0,0,0,0,298999
X368,40.877935,-73.913694,1,1,1022,0,316856,0,0,0,0,0,316856
X392,40.820388,-73.892961,0,0,645,0,140000,0,0,0,0,0,140000
X400,40.827455,-73.90392,0,0,1406,0,2482816,40293621,0,0,0,40293621,42776437
X401,40.823124,-73.898265,0,0,553,0,52284,0,0,0,0,0,52284
X405,40.839775,-73.839583,1,1,3068,0,10385326,0,0,28546923,0,28546923,38932249
X410,40.839307,-73.911366,0,0,1942,0,3940359,0,0,35967263,0,35967263,39907622
X415,40.860443,-73.860729,0,0,2456,0,3121075,0,0,0,0,0,3121075
X420,40.832508,-73.878191,0,0,1436,0,12767922,17112791,0,0,0,17112791,29880713
X423,40.832508,-73.878191,0,0,989,0,225156,0,0,0,0,0,225156
X425,40.875172,-73.861649,0,0,2306,0,6771632,0,0,0,0,0,6771632
X430,40.869061,-73.897066,0,0,2334,0,5289241,0,0,0,0,0,5289241
X435,40.859466,-73.888625,0,0,2536,0,2843678,0,0,0,0,0,2843678
X440,40.879958,-73.889011,0,0,2257,0,10456495,32224054,0,0,0,32224054,42680549
X445,40.879958,-73.889011,0,0,3016,0,2972646,0,0,0,0,0,2972646
X450,40.821218,-73.85593,0,0,2294,0,6241188,0,0,0,0,0,6241188
X455,40.874035,-73.831669,0,0,2930,0,1053994,0,0,0,0,0,1053994
X460,40.827461,-73.919024,0,0,751,0,39676,0,0,0,0,0,39676
X465,40.845366,-73.897479,0,0,527,0,200000,0,0,0,0,0,200000
X470,40.818041,-73.911633,0,0,834,0,4241668,0,0,0,0,0,4241668
X475,40.877379,-73.912686,0,1,2884,0,274691,12148562,0,0,0,12148562,12423253
X498,40.845023,-73.857989,0,0,978,0,65237,0,0,26902,0,26902,92139
X600,40.818645,-73.919949,0,0,1074,0,12242527,0,0,0,0,0,12242527
X650,40.821723,-73.902892,0,0,850,0,4416687,0,0,0,0,0,4416687
X655,40.810671,-73.907528,0,0,1264,0,2358441,4415767,0,0,0,4415767,6774208
X660,40.855392,-73.882487,0,0,1158,0,617071,0,0,0,0,0,617071
X701,40.88298,-73.831856,0,0,480,0,425000,0,0,0,0,0,425000
X716,40.823228,-73.897394,0,0,673,0,0,0,0,0,0,0,0
X717,40.838654,-73.904703,0,0,331,0,0,0,0,0,0,0,0
X722,40.842725,-73.839114,1,1,536,0,354570,10772211,0,0,0,10772211,11126781
X779,40.873659,-73.900068,0,0,230,0,0,0,0,0,0,0,0
X781,40.850674,-73.886997,0,0,205,0,0,0,0,0,0,0,0
X790,40.821828,-73.922366,0,0,1327,0,277929,0,0,0,0,0,277929
X819,40.878327,-73.906197,0,0,336,0,827346,0,0,0,0,0,827346
X826,40.855822,-73.916076,0,0,450,0,145382,0,0,0,0,0,145382
X839,40.851577,-73.864438,0,0,461,0,0,0,0,0,0,0,0
X843,40.865972,-73.8953,0,0,683,0,794858,16149825,0,0,0,16149825,16944683
X852,40.885428,-73.878051,0,0,271,0,0,0,0,0,0,0,0
X859,40.857932,-73.903764,0,0,188,0,30175,0,0,0,0,0,30175
X862,40.83093,-73.901859,0,0,268,0,145875,0,0,0,0,0,145875
X876,40.84325,-73.902969,0,0,565,0,0,0,0,0,0,0,0
X878,40.831212,-73.885804,0,0,471,0,0,0,0,0,0,0,0
X879,40.841376,-73.875262,0,0,463,0,0,0,0,0,0,0,0
X884,40.815712,-73.92996,0,0,824,0,324429,0,0,0,0,0,324429
X886,40.869142,-73.901821,0,0,342,0,159000,0,0,0,0,0,159000
X905,40.874725,-73.895543,0,0,411,0,0,0,0,0,0,0,0
X937,40.884371,-73.839288,0,0,564,0,0,0,0,0,0,0,0
X953,40.831829,-73.827642,0,0,166,0,225000,0,0,0,0,0,225000
X970,40.839508,-73.901774,0,0,1346,0,167125,0,0,0,0,0,167125
X972,40.820486,-73.881187,1,1,193,0,10664,0,0,0,0,0,10664
X973,40.836821,-73.887688,0,0,668,0,248354,0,0,0,0,0,248354
XABC,40.840262,-73.918665,0,0,272,0,50000,0,0,0,0,0,50000
XABN,40.853728,-73.911708,0,0,425,0,0,0,0,0,0,0,0
XACO,40.845897,-73.864154,0,0,236,0,0,0,0,0,0,0,0
XACP,40.850089,-73.850735,0,0,90,0,0,0,0,0,0,0,0
XADS,40.809462,-73.924847,0,0,176,0,0,0,0,0,0,0,0
XAEF,40.888351,-73.862924,0,0,343,0,0,0,0,0,0,0,0
XAEI,40.81534,-73.919754,0,0,162,0,0,0,0,0,0,0,0
XAEJ,40.812804,-73.919316,0,0,569,0,0,0,0,0,0,0,0
XAEU,40.821682,-73.910421,0,0,443,0,0,0,0,0,0,0,0
XAFI,40.808703,-73.921888,0,0,328,0,0,0,0,0,0,0,0
XAFJ,40.880738,-73.907295,0,0,353,0,0,0,0,0,0,0,0
XAFM,40.821815,-73.886477,0,0,430,0,0,0,0,0,0,0,0
XAFP,40.839072,-73.900123,0,0,700,0,0,0,0,0,0,0,0
XAFR,40.81264,-73.919913,0,0,419,0,0,0,0,0,0,0,0
XAGA,40.856531,-73.843013,0,0,965,0,0,0,0,0,0,0,0
XAGG,40.825715,-73.838299,0,0,573,0,0,0,0,0,0,0,0
XAGV,40.811562,-73.925416,0,0,580,0,0,0,0,0,0,0,0
XAJG,40.836679,-73.91735,0,0,432,0,0,0,0,0,0,0,0
XAJK,40.834025,-73.858533,0,0,811,0,0,0,0,0,0,0,0
XASK,40.806389,-73.92115,0,0,451,0,0,0,0,0,0,0,0
XATI,40.813077,-73.919979,0,0,255,0,50000,0,0,0,0,0,50000
XAUT,40.872455,-73.875451,0,0,508,0,0,0,0,0,0,0,0
XAUV,40.839503,-73.919597,0,0,599,0,0,0,0,0,0,0,0
XAWW,40.834599,-73.929797,0,0,606,0,0,0,0,0,0,0,0
XAXD,40.803052,-73.918037,0,0,451,0,0,0,0,0,0,0,0
XAXQ,40.8091,-73.909595,0,0,267,0,0,0,0,0,0,0,0
XAZI,40.875161,-73.910426,0,0,408,0,0,0,0,0,0,0,0
XBAA,40.880853,-73.909955,0,0,354,0,0,0,0,0,0,0,0
XBAV,40.816245,-73.929949,0,0,256,0,0,0,0,0,0,0,0
XBBM,40.818069,-73.904223,0,0,328,0,0,0,0,0,0,0,0
XBBX,40.814952,-73.908773,0,0,227,0,0,0,0,0,0,0,0
XBBY,40.820858,-73.905097,0,0,106,0,0,0,0,0,0,0,0
XBBZ,40.829793,-73.906403,0,0,470,0,0,0,0,0,0,0,0
XBCA,40.820298,-73.927397,0,0,575,0,0,0,0,0,0,0,0
K231,40.694481,-73.989319,,,,0,49625,0,0,0,0,0,49625
K315,40.7153803,-73.9573604,,,,0,8101620,0,0,0,0,0,8101620
K330,40.642069,-73.908014,,,,36266298,0,0,0,0,0,0,36266298
K368,40.6760067,-73.8696706,,,,0,10007604,0,0,0,0,0,10007604
K401,40.59373,-73.986268,,,,0,38977,0,0,0,0,0,38977
K406,40.632824,-73.9523036,,,,0,26976091,0,0,0,0,0,26976091
K431,40.676572,-73.944302,,,,0,8589391,0,0,0,0,0,8589391
K436,40.666877,-73.895396,,,,0,58478,0,0,0,0,0,58478
K451,0,0,,,,0,1498869,0,0,0,0,0,1498869
K456,40.6789267,-73.9338472,,,,0,567646,0,0,0,0,0,567646
K477,40.6576782,-74.0001865,,,,0,8098161,0,0,0,0,0,8098161
K478,40.6622562,-73.8947891,,,,0,8126108,0,0,0,0,0,8126108
K516,40.633826,-73.9175691,,,,0,2261549,0,0,0,0,0,2261549
K555,40.676572,-73.944302,,,,0,216000,0,0,0,0,0,216000
K557,40.650423,-74.008566,,,,85315350,0,0,0,0,0,0,85315350
K599,40.673817,-73.89607,,,,83586925,0,0,0,0,0,0,83586925
K653,40.694481,-73.989319,,,,91856144,0,0,0,0,0,0,91856144
K656,40.6837209,-73.9802603,,,,0,11920936,0,0,0,0,0,11920936
K662,40.676572,-73.944302,,,,0,76000,0,0,0,0,0,76000
K663,40.694481,-73.989319,,,,0,500000,0,0,0,0,0,500000
K667,0,0,,,,96353132,0,0,0,0,0,0,96353132
K671,40.653349,-74.002107,,,,56097793,0,0,0,0,0,0,56097793
K671,40.821602,-73.827193,,,,7771563,0,0,0,0,0,0,7771563
K673,40.7109359,-73.9470823,,,,0,8341071,0,0,0,0,0,8341071
K693,40.6194044,-74.0005624,,,,0,10236146,0,0,0,0,0,10236146
K694,0,0,,,,0,14977372,0,0,0,0,0,14977372
K707,40.6654312,-73.9257241,,,,0,10528838,0,0,0,0,0,10528838
K710,0,0,,,,0,38149947,0,0,0,0,0,38149947
K729,40.6137701,-73.9300092,,,,0,2259,0,0,0,0,0,2259
K730,40.643405,-74.001,,,,50524662,0,0,0,0,0,0,50524662
K745,40.714745,-73.945666,,,,0,9864493,0,0,0,0,0,9864493
K746,40.642069,-73.908014,,,,106562913,0,0,0,0,0,0,106562913
K747,40.62188,-74.025611,,,,0,8009764,0,0,0,0,0,8009764
K747,40.62188,-74.025611,,,,0,7400,0,0,0,0,0,7400
K748,40.690359,-73.983609,,,,0,28872886,0,0,0,0,0,28872886
K767,40.62188,-74.025611,,,,0,512888,0,0,0,0,0,512888
K768,40.694481,-73.989319,,,,0,69750,0,0,0,0,0,69750
K776,40.632632,-73.9535155,,,,0,382910,0,0,0,0,0,382910
K799,40.676572,-73.944302,,,,0,7240832,0,0,0,0,0,7240832
K801,0,0,,,,0,12523821,0,0,0,0,0,12523821
K802,40.679049,-73.931476,,,,0,6700,0,0,0,0,0,6700
K819,40.673817,-73.89607,,,,0,35000,0,0,0,0,0,35000
K831,0,0,,,,0,51550712,0,0,0,0,0,51550712
K848,40.642069,-73.908014,,,,0,2548363,0,0,0,0,0,2548363
K855,40.642069,-73.908014,,,,0,393329,0,0,0,0,0,393329
K864,40.642069,-73.908014,,,,0,367538,0,0,0,0,0,367538
K908,40.642069,-73.908014,,,,0,609160,0,0,0,0,0,609160
K932,0,0,,,,0,4453563,0,0,0,0,0,4453563
K934,40.6272941,-74.0392457,,,,0,3075601,0,0,0,0,0,3075601
KAQJ,40.694481,-73.989319,,,,0,102000,0,0,0,0,0,102000
M081,40.814402,-73.945088,,,,0,3270826,0,0,0,0,0,3270826
M081,40.814402,-73.945088,,,,0,6268674,0,0,0,0,0,6268674
M233,40.8506557,-73.9334705,,,,0,2034854,0,0,0,0,0,2034854
M444,0,0,,,,0,7846851,0,0,0,0,0,7846851
M464,0,0,,,,52684200,0,0,0,0,0,0,52684200
M471,0,0,,,,0,22194424,0,0,0,0,0,22194424
,40.77427,-73.96981,,,,0,7818842,0,0,0,0,0,7818842
M484,0,0,,,,0,7409856,0,0,0,0,0,7409856
M493,40.726163,-74.007047,,,,46651408,0,0,0,0,0,0,46651408
M634,40.609387,-73.642031,,,,0,25626441,0,0,0,0,0,25626441
M832,40.743523,-74.002527,,,,0,31830,0,0,0,0,0,31830
M845,0,0,,,,0,270117,0,0,0,0,0,270117
M847,40.8602243,-73.927629,,,,0,10130615,0,0,0,0,0,10130615
M860,40.77427,-73.96981,,,,0,676994,0,0,0,0,0,676994
MJJC,40.77427,-73.96981,,,,0,1028135,0,0,0,0,0,1028135
Q048,0,0,,,,0,6145624,0,0,0,0,0,6145624
Q269,40.741686,-73.8636,,,,0,439727,0,0,0,0,0,439727
Q269,40.75562,-73.85599,,,,0,541593,0,0,0,0,0,541593
Q312,40.7351022,-73.8970809,,,,0,258605,0,0,0,0,0,258605
Q322,40.7410481,-73.854376,,,,0,327162,0,0,0,0,0,327162
Q340,0,0,,,,42463409,0,0,0,0,0,0,42463409
Q341,0,0,,,,102016356,0,0,0,0,0,0,102016356
Q342,40.703801,-73.9120307,,,,0,7831920,0,0,0,0,0,7831920
Q357,40.691176,-73.763904,,,,0,8099230,0,0,0,0,0,8099230
Q361,40.749817,-73.764867,,,,0,25842270,0,0,0,0,0,25842270
Q375,0,0,,,,79266939,0,0,0,0,0,0,79266939
Q397,40.748238,-73.940333,,,,0,449274,0,0,0,0,0,449274
Q398,40.752665,-73.896928,,,,73697012,0,0,0,0,0,0,73697012
Q419,0,0,,,,76466774,,0,0,0,0,0,76466774
Q429,0,0,,,,106222452,0,0,0,0,0,0,106222452
Q434,40.740734,-73.793944,,,,55391376,0,0,0,0,0,0,55391376
Q437,0,0,,,,0,662334,0,0,0,0,0,662334
Q439,40.691917,-73.85666,,,,0,16404981,0,0,0,0,0,16404981
Q468,40.6796232,-73.841285,,,,0,18671220,0,0,0,0,0,18671220
Q469,40.752343,-73.757271,,,,73065000,0,0,0,0,0,0,73065000
Q472,0,0,,,,379670640,0,0,0,0,0,0,379670640
Q474,40.6345702,-74.1510953,,,,0,6054889,0,0,0,0,0,6054889
Q477,40.6092546,-74.1477059,,,,0,10002664,0,0,0,0,0,10002664
Q491,40.698126,-73.746729,,,,0,500000,0,0,0,0,0,500000
Q575,40.7514099,-73.9368787,,,,95075081,0,0,0,0,0,0,95075081
Q667,0,0,,,,0,562271,0,0,0,0,0,562271
Q801,0,0,,,,0,132252764,0,0,0,0,0,132252764
Q809,0,0,,,,0,85000,0,0,0,0,0,85000
Q814,0,0,,,,0,49423,0,0,0,0,0,49423
Q816,40.579712,-73.83198,,,,11301813,0,0,0,0,0,0,11301813
Q816,40.579712,-73.83198,,,,38409008,0,0,0,0,0,0,38409008
Q822,0,0,,,,0,329431,0,0,0,0,0,329431
Q835,0,0,,,,0,35000,0,0,0,0,0,35000
Q836,40.691176,-73.763904,,,,0,999999,0,0,0,0,0,999999
Q841,40.6823255,-73.7695773,,,,0,207979,0,0,0,0,0,207979
Q848,0,0,,,,0,34333,0,0,0,0,0,34333
Q858,40.7358839,-73.7537316,,,,0,40271,0,0,0,0,0,40271
Q859,0,0,,,,0,291288,0,0,0,0,0,291288
Q878,40.7150058,-73.8863076,,,,0,150000,0,0,0,0,0,150000
Q882,0,0,,,,0,135000,0,0,0,0,0,135000
Q908,40.750419,-73.867804,,,,0,8053281,0,0,0,0,0,8053281
QAFE,0,0,,,,0,120000,0,0,0,0,0,120000
QBJH,40.5936084,-73.7878781,,,,0,80000,0,0,0,0,0,80000
R025,0,0,,,,0,3817714,0,0,0,0,0,3817714
R047,40.581902,-74.159007,,,,0,34719,0,0,0,0,0,34719
R070,40.618337,-74.084786,,,,0,89308375,0,0,0,0,0,89308375
R086,40.608306,-74.105713,,,,127307824,0,0,0,0,0,0,127307824
R089,0,0,,,,44370943,0,0,0,0,0,0,44370943
R090,40.6863454,-73.8387874,,,,0,15729718,0,0,0,0,0,15729718
R091,40.6102408,-74.1590198,,,,0,15166112,0,0,0,0,0,15166112
R093,40.6054758,-74.1884355,,,,0,9526521,0,0,0,0,0,9526521
R094,40.6829857,-73.8471275,,,,0,11566203,0,0,0,0,0,11566203
R095,40.6054788,-74.1811384,,,,0,4490149,0,0,0,0,0,4490149
R098,40.6367418,-74.1323701,,,,0,8109122,0,0,0,0,0,8109122
R099,40.5979653,-74.0702949,,,,0,8100434,0,0,0,0,0,8100434
R100,40.615578,-74.1264102,,,,0,12481064,0,0,0,0,0,12481064
R102,40.552847,-74.149147,,,,0,24245151,0,0,0,0,0,24245151
R436,40.5700167,-74.1069962,,,,0,10255755,0,0,0,0,0,10255755
R446,0,0,,,,0,13940149,0,0,0,0,0,13940149
R456,0,0,,,,0,2180533,0,0,0,0,0,2180533
R700,40.548269,-74.152299,,,,0,9207891,0,0,0,0,0,9207891
R701,40.5086199,-74.2439665,,,,0,7409677,0,0,0,0,0,7409677
R702,40.6028419,-74.1373383,,,,0,8552180,0,0,0,0,0,8552180
R802,40.5086199,-74.2439665,,,,0,2791920,0,0,0,0,0,2791920
R843,0,0,,,,0,40000,0,0,0,0,0,40000
R848,40.5521496,-74.1696126,,,,0,2206314,0,0,0,0,0,2206314
X320,40.833684,-73.884612,,,,74639897,0,0,0,0,0,0,74639897
X347,40.82732,-73.92357,,,,50140420,0,0,0,0,0,0,50140420
X356,40.805829,-73.925726,,,,0,97000,0,0,0,0,0,97000
X358,40.829619,-73.892105,,,,0,95000,0,0,0,0,0,95000
X411,40.82732,-73.92357,,,,0,5052431,0,0,0,0,0,5052431
X426,40.87519,-73.861569,,,,0,6986422,0,0,0,0,0,6986422
X448,40.82732,-73.92357,,,,54052304,0,0,0,0,0,0,54052304
X449,40.8406796,-73.8825939,,,,0,9564503,0,0,0,0,0,9564503
X451,0,0,,,,0,66578,0,0,0,0,0,66578
X456,40.874289,-73.833243,,,,0,9267647,0,0,0,0,0,9267647
X469,0,0,,,,0,960000,0,0,0,0,0,960000
X471,0,0,,,,0,9888882,0,0,0,0,0,9888882
X472,40.82732,-73.92357,,,,0,9231215,0,0,0,0,0,9231215
X478,40.8077285,-73.9129091,,,,0,10628915,0,0,0,0,0,10628915
X481,40.82732,-73.92357,,,,0,8099394,0,0,0,0,0,8099394
X482,40.852464,-73.864381,,,,0,24130000,0,0,0,0,0,24130000
X484,40.830642,-73.885633,,,,0,11377801,0,0,0,0,0,11377801
X730,40.821942,-73.886583,,,,0,205000,0,0,0,0,0,205000
X778,40.852464,-73.864381,,,,0,100000,0,0,0,0,0,100000
X807,0,0,,,,0,2031085,0,0,0,0,0,2031085
X817,0,0,,,,0,61524,0,0,0,0,0,61524
X834,0,0,,,,0,1389172,0,0,0,0,0,1389172
X842,40.82732,-73.92357,,,,0,731611,0,0,0,0,0,731611
XA21,0,0,,,,0,70000,0,0,0,0,0,70000
XAEE,0,0,,,,0,35000,0,0,0,0,0,35000
