,LON,LAT,TOT_ENRO
1,40.648959,-74.01142,1199
2,40.656423,-73.951575,476
3,40.682311,-73.955219,360
4,40.656599,-73.888024,323
5,40.685241,-73.92197,216
6,40.648973,-73.956279,649
7,40.689213,-73.872983,823
8,40.700709,-73.992841,901
9,40.678554,-73.966333,942
10,40.660912,-73.985946,951
11,40.685896,-73.96589,894
12,40.673124,-73.920095,280
13,40.664067,-73.893328,450
14,40.593232,-73.938107,527
15,40.677085,-74.011864,485
16,40.706069,-73.962049,222
17,40.715268,-73.9573,297
18,40.71088,-73.946695,194
19,40.690742,-73.970896,481
20,40.68035,-73.926673,574
21,40.69447,-73.947256,291
22,40.652832,-74.004533,615
23,40.691472,-73.940749,82
24,40.6921,-73.9317,259
25,40.678238,-73.919847,116
26,40.686843,-73.997447,950
27,40.633598,-74.02395,994
28,40.72697,-73.954139,619
29,40.680159,-73.991141,480
30,40.726378,-73.949756,471
31,40.681528,-73.935891,225
32,40.660465,-73.887195,387
33,40.703996,-73.953304,404
34,40.684945,-73.982826,613
35,40.668644,-73.982909,412
36,40.680239,-73.921099,348
37,40.660455,-73.906925,402
38,40.686213,-73.940859,119
39,40.686424,-73.91043,621
40,40.69453,-73.971644,260
41,40.621481,-73.987165,565
42,40.711915,-73.960137,324
43,40.672358,-73.98505,1135
44,40.588372,-73.940135,817
45,40.660805,-73.988743,448
46,40.692616,-73.952504,226
47,40.684286,-73.960536,264
48,40.691467,-73.932254,160
49,40.680379,-73.995486,1009
50,40.697619,-73.943279,336
51,40.663605,-73.949198,669
52,40.638087,-73.971153,1213
53,40.686534,-73.878353,586
54,40.648749,-73.907064,798
55,40.695339,-73.977674,217
56,40.635388,-73.911215,289
57,40.632392,-74.009752,770
58,40.703996,-73.953304,515
59,40.693261,-73.921336,308
60,40.678809,-73.976648,277
61,40.620537,-73.912914,569
62,40.692866,-73.935123,286
63,40.715089,-73.963808,764
64,40.700595,-73.917804,354
65,40.660805,-73.988743,1447
66,40.677707,-73.886712,469
67,40.578192,-73.980387,638
68,40.661806,-73.940707,254
69,40.656276,-73.95381,415
70,40.679079,-73.946381,220
71,40.64373,-74.008795,1283
72,40.595996,-73.974664,982
73,40.608135,-73.984985,807
74,40.601191,-73.98557,770
75,40.583893,-73.954047,1561
76,40.621474,-73.966031,861
77,40.577591,-73.97083,822
78,40.597379,-73.991962,877
79,40.634318,-74.028758,1424
80,40.618077,-74.028492,1244
81,40.63332,-74.003635,1414
82,40.693318,-73.913378,399
83,40.662945,-73.981181,551
84,40.681295,-73.884348,934
85,40.635842,-73.933099,582
86,40.723743,-73.941926,557
87,40.619417,-74.000565,685
88,40.688769,-73.971474,343
89,40.642684,-73.90788,515
90,40.634861,-73.897896,902
91,40.698077,-73.916563,352
92,40.671145,-73.987602,345
93,40.626038,-73.938733,447
94,40.700819,-73.937888,381
95,40.622671,-73.978472,337
96,40.675905,-73.939282,581
97,40.704076,-73.922388,587
98,40.667464,-73.99062,305
99,40.697619,-73.943279,346
100,40.719818,-73.947932,369
101,40.623687,-74.018429,508
102,40.60498,-73.995084,465
103,40.685006,-73.993293,329
104,40.648924,-73.976053,831
105,40.640728,-73.993247,938
106,40.714772,-73.945663,755
107,40.679916,-73.980455,751
108,40.632145,-73.97318,587
109,40.653093,-73.932949,515
110,40.652127,-74.007596,506
111,40.682248,-73.916641,289
112,40.673943,-73.951559,539
113,40.64134,-73.965862,949
114,40.68192,-73.9456,338
115,40.656423,-73.951575,355
116,40.701107,-73.932388,515
117,40.679462,-74.002022,694
118,40.705005,-73.93879,360
119,40.669361,-73.89276,638
120,40.668768,-73.90514,191
121,40.693432,-73.908242,294
122,40.632619,-73.954269,655
123,40.601179,-73.960027,547
124,40.657002,-73.975967,552
125,40.677634,-73.908682,442
126,40.665553,-73.91788,642
127,40.695397,-73.959999,417
128,40.67259,-73.885214,517
129,40.676111,-73.869705,749
130,40.636932,-73.999045,1276
131,40.665757,-73.949243,370
132,40.706816,-73.919643,322
133,40.606739,-74.007469,599
134,40.637101,-73.985739,682
135,40.657061,-73.910938,290
136,40.696457,-73.911751,277
137,40.645825,-74.0017,1397
138,40.630373,-74.018719,1014
139,40.685852,-73.869434,418
140,40.657682,-74.000191,578
141,40.624835,-74.005205,1293
142,40.608169,-73.974425,985
143,40.67538,-73.915337,338
144,40.640127,-73.97726,817
145,40.626454,-73.98925,1077
146,40.648217,-73.945883,644
147,40.711915,-73.960137,426
148,40.660385,-73.905004,533
149,40.623598,-74.033429,634
150,40.610917,-73.994258,1061
151,40.627929,-74.003883,953
152,40.576733,-74.000489,390
153,40.665228,-73.925435,1060
154,40.662243,-73.894877,177
155,40.67173,-73.924127,164
156,40.6288,-73.97954,642
157,40.62208,-73.950321,703
158,40.598069,-73.934163,557
159,40.580161,-73.943498,484
160,40.708804,-73.939385,327
161,40.612339,-73.951398,769
162,40.637601,-73.937083,408
163,40.61631,-73.963026,567
164,40.602809,-74.001915,1351
165,40.619043,-74.013749,1651
166,40.665817,-73.876084,340
167,40.622108,-73.925732,675
168,40.613535,-74.006137,1111
169,40.614737,-73.986792,1304
170,40.596876,-73.948453,1518
171,40.613981,-73.930485,1159
172,40.6427,-73.930898,359
173,40.5868,-73.961191,706
174,40.642931,-73.895224,436
175,40.587612,-73.985368,720
176,40.659845,-73.889968,263
177,40.675881,-73.862961,875
178,40.602722,-73.970171,838
179,40.59,-73.969647,745
180,40.633482,-73.966442,1141
181,40.67002,-73.874537,428
182,40.658834,-73.922296,427
183,40.640997,-74.00125,1521
184,40.663964,-73.935753,263
185,40.614005,-73.939205,888
186,40.6351,-73.982424,939
187,40.664143,-73.866542,395
188,40.58026,-73.955856,996
189,40.615405,-73.977099,1022
190,40.622102,-73.995961,1614
191,40.60066,-73.976801,1413
192,40.610331,-74.013585,1252
193,40.645609,-73.980515,1111
194,40.626454,-73.98925,351
195,40.651642,-73.914282,416
196,40.604447,-73.955217,1768
197,40.655337,-73.940922,1220
198,40.615494,-73.912005,559
199,40.608801,-73.964586,614
200,40.57864,-73.992447,1336
201,40.623788,-73.946836,689
202,40.668913,-73.960924,470
203,40.675675,-73.935093,243
204,40.647851,-73.925592,482
205,40.644927,-73.962743,312
206,40.648352,-73.95348,409
207,40.612247,-73.987195,863
208,40.649509,-73.966456,878
209,40.706708,-73.945659,462
210,40.63195,-73.923894,478
211,40.580237,-73.961962,945
212,40.591103,-73.95155,766
213,40.604461,-73.955891,882
214,40.690595,-73.94961,245
215,40.702759,-73.941345,601
216,40.626089,-74.014633,1890
217,40.687218,-73.988667,794
218,40.682949,-73.930132,176
219,40.621025,-74.029444,460
220,40.697177,-73.976104,313
221,40.678809,-73.976648,160
222,40.68797,-73.932066,236
223,40.657421,-73.92756,338
224,40.691275,-73.961134,112
225,40.635542,-73.886373,449
226,40.6585,-73.879276,340
227,40.694179,-73.92818,359
228,40.634005,-73.908436,611
229,40.595798,-73.92785,433
230,40.606745,-73.938721,1203
231,40.644134,-73.892797,402
232,40.594648,-73.993565,1346
233,40.676649,-73.977983,650
234,40.666942,-73.907634,280
235,40.647818,-73.920784,752
236,40.697856,-73.98112,145
237,40.574029,-73.992393,615
238,40.674244,-73.942401,362
239,40.678182,-73.889375,461
240,40.695875,-73.915217,290
241,40.671601,-73.893319,563
242,40.660805,-73.988743,431
243,40.697377,-73.948166,204
244,40.671015,-73.907718,281
245,40.690755,-73.917899,238
246,40.685653,-73.94573,94
247,40.582518,-73.972009,567
248,40.685653,-73.94573,142
249,40.65534,-73.88662,303
250,40.701789,-73.981599,372
251,40.688323,-73.935509,249
252,40.6881,-73.924422,216
253,40.632143,-74.007533,411
254,40.622442,-73.909554,786
255,40.702952,-73.992076,277
256,40.632619,-73.954269,650
257,40.674685,-73.961418,574
258,40.703034,-73.948771,1205
259,40.709632,-73.953881,116
260,40.671816,-73.978633,1381
261,40.666187,-73.911279,614
262,40.653368,-73.893294,200
263,40.628417,-73.92825,170
264,40.668232,-73.911788,292
265,40.667985,-73.898249,290
266,40.574666,-73.99577,388
267,40.6771,-73.960093,494
268,40.674491,-73.928673,214
269,40.593028,-73.986313,347
270,40.676357,-73.970315,204
271,40.582518,-73.972009,623
272,40.676207,-73.879886,547
273,40.64664,-73.881997,566
274,40.70081,-73.927938,312
275,40.593028,-73.986313,241
276,40.70081,-73.927938,328
277,40.69733,-73.984528,207
278,40.684286,-73.960536,161
279,40.665199,-73.959484,133
280,40.674685,-73.961418,173
281,40.67229,-73.937601,297
282,40.706069,-73.962049,330
283,40.662092,-73.936313,1293
284,40.67229,-73.937601,870
285,40.664067,-73.893328,1110
286,40.659934,-73.885704,221
287,40.675675,-73.935093,307
288,40.637625,-73.947672,639
289,40.662985,-73.992254,498
290,40.671015,-73.907718,278
291,40.646211,-73.881115,329
292,40.647396,-73.891743,399
293,40.696698,-73.947557,762
294,40.696698,-73.947557,250
295,40.687432,-73.983312,534
296,40.577709,-73.969872,249
297,40.654306,-74.005168,250
298,40.676198,-73.9855,207
299,40.699214,-73.945211,454
300,40.665199,-73.959484,339
301,40.69805,-73.920187,528
302,40.693542,-73.915159,155
303,40.642684,-73.90788,535
304,40.70179,-73.953702,570
305,40.623788,-73.946836,255
306,40.649602,-73.957173,360
307,40.697898,-73.919088,909
308,40.689883,-73.904695,505
309,40.665553,-73.91788,307
310,40.67271,-73.928917,392
311,40.677528,-73.904143,186
312,40.668232,-73.911788,425
313,40.658663,-73.946358,187
314,40.663388,-73.927979,286
315,40.648277,-73.951664,330
316,40.672216,-73.906018,316
317,40.696457,-73.911751,238
318,40.657266,-73.874064,551
319,40.632829,-73.952356,4156
320,40.688323,-73.935509,529
321,40.649602,-73.957173,196
322,40.673766,-73.895976,496
323,40.582627,-73.968733,1904
324,40.692015,-73.95818,421
325,40.710107,-73.954678,616
326,40.689574,-73.950714,300
327,40.69733,-73.984528,571
328,40.657266,-73.874064,528
329,40.690007,-73.989369,184
330,40.610499,-73.947661,3797
331,40.685006,-73.993293,246
332,40.688896,-73.976435,5937
333,40.69733,-73.984528,359
334,40.656952,-73.983116,302
335,40.660805,-73.988743,580
336,40.613041,-74.002308,3427
337,40.659618,-73.913508,389
338,40.683951,-73.980266,545
339,40.679462,-74.002022,684
340,40.709765,-73.944463,698
341,40.64664,-73.881997,338
342,40.709765,-73.944463,302
343,40.678478,-73.931604,439
344,40.669255,-73.97858,436
345,40.669255,-73.97858,268
346,40.669255,-73.97858,690
347,40.593028,-73.986313,669
348,40.703703,-73.935969,934
349,40.711134,-73.938921,674
350,40.711134,-73.938921,304
351,40.711134,-73.938921,831
352,40.694629,-73.988323,435
353,40.673124,-73.920095,168
354,40.636721,-74.023419,1235
355,40.68291,-73.990292,238
356,40.715561,-73.954815,527
357,40.626827,-74.038103,4559
358,40.690742,-73.970896,528
359,40.674456,-73.912685,239
360,40.685006,-73.993293,723
361,40.688399,-73.920603,589
362,40.678591,-73.961636,150
363,40.666868,-73.895122,277
364,40.64195,-74.019299,989
365,40.666868,-73.895122,239
366,40.621299,-73.982583,3214
367,40.64195,-74.019299,784
368,40.666868,-73.895122,409
369,40.682422,-73.965928,804
370,40.666868,-73.895122,250
371,40.665568,-73.912102,153
372,40.650793,-74.008106,500
373,40.68192,-73.9456,1172
374,40.655644,-73.906662,196
375,40.684869,-73.990884,582
376,40.678124,-73.915106,173
377,40.669805,-73.960689,368
378,40.619671,-73.959141,3693
379,40.694629,-73.988323,500
380,40.669805,-73.960689,213
381,40.642619,-73.992151,226
382,40.658671,-73.943839,352
383,40.669557,-73.934316,449
384,40.578356,-73.934449,1057
385,40.695339,-73.977674,473
386,40.649602,-73.957173,467
387,40.697898,-73.919088,918
388,40.649602,-73.957173,297
389,40.58807,-73.981925,2203
390,40.649602,-73.957173,576
391,40.694723,-73.929315,479
392,40.658671,-73.943839,462
393,40.669805,-73.960689,382
394,40.669805,-73.960689,296
395,40.696457,-73.911751,335
396,40.696457,-73.911751,231
397,40.684654,-73.947873,225
398,40.697378,-73.913172,430
399,40.649055,-73.972312,660
400,40.695436,-73.927349,302
401,40.665446,-73.897604,294
402,40.715561,-73.954815,580
403,40.593028,-73.986313,286
404,40.715561,-73.954815,682
405,40.688647,-73.910589,370
406,40.647728,-73.922212,659
407,40.695875,-73.915217,196
408,40.634451,-73.916927,189
409,40.634451,-73.916927,350
410,40.666251,-73.923881,119
411,40.647728,-73.922212,294
412,40.593028,-73.986313,378
413,40.634451,-73.916927,341
414,40.715268,-73.9573,488
415,40.634451,-73.916927,222
416,40.659088,-73.928744,268
417,40.708804,-73.939385,294
418,40.693002,-73.869305,267
419,40.709765,-73.944463,471
420,40.657712,-73.919818,172
421,40.66679,-73.951823,1332
422,40.686147,-73.979829,226
423,40.683446,-73.925851,768
424,40.678591,-73.961636,178
425,40.685486,-73.953692,363
426,40.680679,-73.910719,386
427,40.669805,-73.960689,1200
428,40.695444,-73.986105,776
429,40.657712,-73.919818,839
430,40.6351,-73.982424,549
431,40.721448,-73.953328,329
432,40.593157,-73.936635,414
433,40.705005,-73.93879,382
434,40.67878,-73.875328,676
435,40.692015,-73.95818,205
436,40.640543,-73.898601,240
437,40.693002,-73.869305,422
438,40.583263,-73.963764,412
439,40.674456,-73.912685,1095
440,40.693654,-73.941278,319
441,40.681528,-73.935891,286
442,40.647728,-73.922212,282
443,40.593157,-73.936635,210
444,40.640543,-73.898601,460
445,40.645965,-73.898607,205
446,40.634451,-73.916927,300
447,40.693002,-73.869305,430
448,40.640543,-73.898601,264
449,40.655644,-73.906662,217
450,40.678124,-73.915106,651
451,40.669561,-73.955188,237
452,40.655644,-73.906662,227
453,40.68797,-73.932066,354
454,40.68797,-73.932066,378
455,40.675936,-74.003372,481
456,40.661945,-73.92044,1538
457,40.659934,-73.885704,312
458,40.683951,-73.980266,939
459,40.693002,-73.869305,302
460,40.673766,-73.895976,376
461,40.677112,-73.884211,471
462,40.677112,-73.884211,483
463,40.665446,-73.897604,193
464,40.680679,-73.910719,102
465,40.655583,-74.004342,1216
466,40.659618,-73.913508,134
467,40.678478,-73.931604,292
468,40.695389,-73.968759,810
469,40.666187,-73.911279,199
470,40.659914,-73.920658,196
471,40.695444,-73.986105,426
472,40.677914,-74.005151,121
473,40.669358,-73.879131,514
474,40.669358,-73.879131,265
475,40.665817,-73.876084,648
476,40.6921,-73.9317,179
477,40.606994,-73.986678,385
478,40.67002,-73.874537,270
479,40.669255,-73.97858,675
480,40.70554,-73.955741,224
481,40.606994,-73.986678,534
482,40.691467,-73.932254,105
483,40.60498,-73.995084,929
484,40.69453,-73.971644,215
485,40.719818,-73.947932,389
486,40.665568,-73.912102,205
487,40.677968,-74.014363,181
488,40.69447,-73.947256,214
489,40.691275,-73.961134,433
490,40.656423,-73.951575,520
491,40.6771,-73.960093,370
492,40.647893,-73.97872,773
493,40.668768,-73.90514,353
494,40.655644,-73.906662,779
495,40.6881,-73.924422,1433
496,40.58807,-73.981925,480
497,40.662092,-73.936313,258
498,40.644134,-73.892797,797
499,40.576976,-73.985413,245
500,40.677914,-74.005151,324
501,40.689569,-73.925087,618
502,40.695875,-73.915217,472
503,40.651642,-73.914282,368
504,40.668608,-73.918123,1043
505,40.593157,-73.936635,391
506,40.593157,-73.936635,233
507,40.669356,-73.867138,696
508,40.665757,-73.949243,627
509,40.67271,-73.928917,503
510,40.582518,-73.972009,1008
511,40.658671,-73.943839,415
512,40.612258,-73.914312,710
513,40.606739,-74.007469,531
514,40.675905,-73.939282,301
515,40.697177,-73.976104,287
516,40.682576,-73.969248,265
517,40.673943,-73.951559,619
518,40.686213,-73.940859,505
519,40.656202,-73.982624,283
520,40.643834,-73.900432,856
521,40.685852,-73.869434,344
522,40.647851,-73.925592,317
523,40.693002,-73.869305,338
524,40.678478,-73.931604,252
525,40.692434,-73.986867,343
526,40.667985,-73.898249,447
527,40.663388,-73.927979,317
528,40.58026,-73.955856,433
529,40.608135,-73.984985,506
530,40.677112,-73.884211,868
531,40.672216,-73.906018,1202
532,40.678124,-73.915106,390
533,40.684654,-73.947873,279
534,40.620537,-73.912914,546
535,40.694676,-73.937717,699
536,40.693542,-73.915159,540
537,40.660077,-73.883469,223
538,40.659934,-73.885704,563
539,40.688769,-73.971474,318
540,40.638957,-73.948982,548
541,40.632149,-73.969887,619
542,40.65452,-73.908341,255
543,40.693748,-73.90892,892
544,40.697262,-73.986016,709
545,40.65787,-73.888775,106
546,40.591132,-73.93861,337
547,40.652127,-74.007596,533
548,40.647598,-73.973363,345
549,40.656276,-73.95381,241
550,40.681102,-73.956832,698
551,40.695975,-73.919653,345
552,40.64879,-73.957501,338
553,40.644861,-73.97101,136
554,40.644861,-73.97101,213
555,40.691467,-73.932254,115
556,40.600808,-73.986345,231
557,40.643018,-74.004306,38
558,40.674491,-73.928673,41
559,40.662243,-73.894877,41
560,40.681183,-73.867071,122
561,40.697067,-73.987392,49
562,40.665264,-73.910292,114
563,40.639518,-74.020343,343
564,40.71255,-73.997478,295
565,40.712907,-73.991523,483
566,40.732603,-74.005949,731
567,40.834877,-73.941594,498
568,40.857633,-73.922277,552
569,40.777737,-73.960427,671
570,40.800616,-73.939374,407
571,40.839235,-73.936614,495
572,40.785234,-73.974256,611
573,40.744186,-74.000743,888
574,40.792556,-73.942285,601
575,40.722075,-73.978747,174
576,40.871456,-73.911732,357
577,40.730009,-73.984496,249
578,40.721305,-73.986312,481
579,40.83163,-73.942023,597
580,40.805653,-73.935461,253
581,40.749014,-74.000238,632
582,40.726008,-73.975058,305
583,40.764129,-73.985899,317
584,40.810705,-73.957409,355
585,40.799265,-73.93374,259
586,40.788668,-73.944762,241
587,40.735328,-73.981536,708
588,40.73545,-73.999094,694
589,40.716126,-73.990826,574
590,40.8304,-73.9363,630
591,40.738374,-73.981329,196
592,40.853193,-73.933629,478
593,40.761487,-73.995825,481
594,40.865556,-73.925464,261
595,40.8007,-73.96327,867
596,40.797205,-73.941598,805
597,40.759248,-73.967204,598
598,40.72444,-73.986214,230
599,40.72313,-73.981597,223
600,40.810499,-73.948902,652
601,40.839139,-73.935815,1052
602,40.791444,-73.94745,646
603,40.795109,-73.973996,548
604,40.806534,-73.951451,443
605,40.785018,-73.95042,360
606,40.802547,-73.942009,266
607,40.713362,-73.986051,183
608,40.793363,-73.941955,414
609,40.789479,-73.968419,663
610,40.81698,-73.934951,420
611,40.78171,-73.97802,898
612,40.71701,-74.013967,456
613,40.814917,-73.945838,259
614,40.706384,-74.017456,413
615,40.79969,-73.937179,394
616,40.867741,-73.917814,418
617,40.807556,-73.947067,584
618,40.795,-73.938418,265
619,40.850561,-73.933964,412
620,40.735879,-73.981034,1116
621,40.795032,-73.947855,470
622,40.7162,-73.9798,372
623,40.76588,-73.989776,413
624,40.796889,-73.930528,319
625,40.780452,-73.947379,451
626,40.846116,-73.93514,452
627,40.744511,-73.977906,504
628,40.820216,-73.944551,471
629,40.715097,-73.996017,675
630,40.810793,-73.955722,284
631,40.710651,-73.99742,712
632,40.841032,-73.938701,597
633,40.814914,-73.95202,406
634,40.71866,-73.998326,858
635,40.716231,-73.993607,401
636,40.850561,-73.933964,247
637,40.809665,-73.939178,225
638,40.714248,-73.983854,281
639,40.711441,-74.000851,265
640,40.805653,-73.935461,613
641,40.763655,-73.990318,401
642,40.719148,-73.983769,385
643,40.718121,-73.984116,353
644,40.849311,-73.930991,247
645,40.799098,-73.965611,400
646,40.789535,-73.938727,383
647,40.817228,-73.947151,374
648,40.802649,-73.948088,235
649,40.71953,-74.01088,189
650,40.777948,-73.947287,486
651,40.859804,-73.927578,563
652,40.826514,-73.947599,540
653,40.810499,-73.948902,287
654,40.797507,-73.935895,248
655,40.807019,-73.938714,250
656,40.770215,-73.950745,796
657,40.817719,-73.952476,806
658,40.795163,-73.96847,551
659,40.802653,-73.965949,426
660,40.788925,-73.972557,638
661,40.771541,-73.957827,1379
662,40.793649,-73.948488,477
663,40.780798,-73.955594,356
664,40.763655,-73.990318,458
665,40.792302,-73.951425,773
666,40.845459,-73.939785,483
667,40.735361,-73.987064,714
668,40.814388,-73.942706,347
669,40.770215,-73.950745,230
670,40.85924,-73.928301,284
671,40.80757,-73.955861,512
672,40.793363,-73.941955,314
673,40.763804,-73.957731,554
674,40.711125,-73.985438,678
675,40.798461,-73.950146,364
676,40.804559,-73.952751,491
677,40.856239,-73.93684,775
678,40.719888,-73.97738,407
679,40.853045,-73.928048,743
680,40.7722,-73.990902,565
681,40.82051,-73.952023,390
682,40.821208,-73.941111,193
683,40.813532,-73.938347,305
684,40.785018,-73.95042,488
685,40.777603,-73.984423,822
686,40.823988,-73.935746,384
687,40.719676,-73.991859,261
688,40.793098,-73.951367,333
689,40.796889,-73.930528,477
690,40.82051,-73.952023,295
691,40.830004,-73.944666,425
692,40.865556,-73.925464,414
693,40.761327,-73.988665,363
694,40.753598,-73.956435,617
695,40.816626,-73.951292,300
696,40.785107,-73.942154,185
697,40.765638,-73.959777,324
698,40.732665,-73.98259,298
699,40.71953,-74.01088,638
700,40.801573,-73.955583,133
701,40.806055,-73.948385,138
702,40.785234,-73.974256,241
703,40.780536,-73.977602,403
704,40.780536,-73.977602,220
705,40.795109,-73.973996,162
706,40.735328,-73.981536,394
707,40.791395,-73.971011,153
708,40.791395,-73.971011,239
709,40.736526,-73.992727,726
710,40.705688,-74.013303,279
711,40.85765,-73.935231,510
712,40.763883,-73.963861,414
713,40.706384,-74.017456,849
714,40.871673,-73.912339,551
715,40.801573,-73.955583,481
716,40.711441,-74.000851,416
717,40.744288,-73.972592,338
718,40.711441,-74.000851,390
719,40.811882,-73.947317,1144
720,40.807692,-73.939974,216
721,40.815747,-73.95552,125
722,40.765474,-73.9927,375
723,40.71701,-74.013967,284
724,40.775181,-73.952777,595
725,40.772608,-73.988338,432
726,40.713362,-73.986051,197
727,40.860951,-73.930082,608
728,40.717329,-73.989329,339
729,40.848864,-73.936073,301
730,40.765474,-73.9927,380
731,40.731006,-74.007192,561
732,40.716231,-73.993607,572
733,40.774891,-73.985608,341
734,40.765474,-73.9927,302
735,40.765474,-73.9927,372
736,40.817228,-73.947151,288
737,40.717329,-73.989329,324
738,40.774891,-73.985608,407
739,40.717329,-73.989329,290
740,40.784112,-73.945647,101
741,40.866381,-73.923818,404
742,40.742512,-74.002222,563
743,40.743407,-74.00254,245
744,40.866381,-73.923818,296
745,40.727537,-73.978254,333
746,40.705688,-74.013303,179
747,40.825831,-73.937833,210
748,40.839139,-73.935815,385
749,40.718121,-73.984116,241
750,40.860951,-73.930082,400
751,40.839139,-73.935815,340
752,40.836982,-73.937263,210
753,40.798461,-73.950146,429
754,40.719888,-73.97738,647
755,40.713362,-73.986051,209
756,40.791395,-73.971011,757
757,40.780536,-73.977602,522
758,40.799265,-73.93374,699
759,40.819793,-73.956814,1119
760,40.785559,-73.940919,39
761,40.836982,-73.937263,139
762,40.739145,-73.995534,339
763,40.807019,-73.938714,1042
764,40.708774,-74.002407,468
765,40.833695,-73.942074,713
766,40.738374,-73.981329,193
767,40.849311,-73.930991,864
768,40.845459,-73.939785,129
769,40.813532,-73.938347,708
770,40.802649,-73.948088,1208
771,40.82884,-73.945368,787
772,40.816158,-73.95357,227
773,40.758759,-73.996499,228
774,40.727537,-73.978254,320
775,40.810793,-73.955722,718
776,40.72444,-73.986214,306
777,40.72313,-73.981597,350
778,40.865575,-73.921631,589
779,40.826514,-73.947599,149
780,40.815747,-73.95552,387
781,40.792556,-73.942285,569
782,40.853517,-73.932869,164
783,40.735361,-73.987064,468
784,40.796098,-73.944546,313
785,40.72463,-74.005058,466
786,40.797507,-73.935895,168
787,40.72004,-73.986038,250
788,40.789174,-73.945101,728
789,40.805653,-73.935461,702
790,40.785107,-73.942154,1108
791,40.801573,-73.955583,418
792,40.814917,-73.945838,301
793,40.743407,-74.00254,414
794,40.763655,-73.990318,429
795,40.716231,-73.993607,315
796,40.711321,-74.005473,560
797,40.735361,-73.987064,302
798,40.767848,-73.98861,1146
799,40.831829,-73.827642,103
800,40.786134,-73.974483,304
801,40.786134,-73.974483,414
802,40.786134,-73.974483,184
803,40.732665,-73.98259,486
804,40.761327,-73.988665,558
805,40.741888,-73.985723,475
806,40.742512,-74.002222,471
807,40.739121,-73.985323,749
808,40.742512,-74.002222,449
809,40.80261,-73.954152,313
810,40.770288,-73.953276,530
811,40.786134,-73.974483,413
812,40.704697,-74.011202,681
813,40.743407,-74.00254,330
814,40.732665,-73.98259,1825
815,40.799098,-73.965611,204
816,40.743407,-74.00254,545
817,40.865556,-73.925464,182
818,40.708971,-74.012465,473
819,40.74651,-73.98107,233
820,40.856532,-73.92606,843
821,40.74651,-73.98107,304
822,40.785107,-73.942154,444
823,40.794184,-73.932868,1650
824,40.743407,-74.00254,476
825,40.735361,-73.987064,356
826,40.741963,-73.991966,452
827,40.738521,-73.989481,142
828,40.712269,-73.984128,483
829,40.765638,-73.959777,427
830,40.729152,-73.982472,680
831,40.771603,-73.987515,376
832,40.722415,-73.990468,194
833,40.765638,-73.959777,313
834,40.856532,-73.92606,427
835,40.856532,-73.92606,396
836,40.856532,-73.92606,481
837,40.856532,-73.92606,423
838,40.718025,-74.013921,3316
839,40.868831,-73.920841,915
840,40.760858,-73.996262,1423
841,40.814598,-73.945,1036
842,40.820216,-73.944551,753
843,40.807537,-73.954228,305
844,40.774202,-73.985976,2760
845,40.70927,-74.012328,741
846,40.774891,-73.985608,429
847,40.774891,-73.985608,492
848,40.790191,-73.944092,389
849,40.793649,-73.948488,189
850,40.823988,-73.935746,1257
851,40.74651,-73.98107,278
852,40.831829,-73.827642,63
853,40.797136,-73.966779,454
854,40.763655,-73.990318,456
855,40.72004,-73.986038,127
856,40.841032,-73.938701,210
857,40.819793,-73.956814,142
858,40.72004,-73.986038,543
859,40.812428,-73.953317,311
860,40.79001,-73.942482,604
861,40.765638,-73.959777,518
862,40.711441,-74.000851,182
863,40.723911,-74.004692,302
864,40.786134,-73.974483,788
865,40.780652,-73.947856,431
866,40.850683,-73.934676,233
867,40.757626,-73.98346,443
868,40.756089,-73.984381,237
869,40.735361,-73.987064,414
870,40.736416,-73.995731,457
871,40.719416,-73.979581,1754
872,40.8185,-73.949929,1503
873,40.774891,-73.985608,441
874,40.765474,-73.9927,532
875,40.717329,-73.989329,426
876,40.767848,-73.98861,319
877,40.717329,-73.989329,402
878,40.735361,-73.987064,459
879,40.74182,-74.000238,422
880,40.689493,-74.018941,533
881,40.8381,-73.9383,521
882,40.793649,-73.948488,508
883,40.729052,-74.006155,602
884,40.765638,-73.959777,147
885,40.747425,-73.990562,285
886,40.732699,-73.984333,711
887,40.705688,-74.013303,429
888,40.729661,-73.992343,63
889,40.745677,-73.996354,1577
890,40.743407,-74.00254,245
891,40.792932,-73.947171,480
892,40.72463,-74.005058,451
893,40.759248,-73.967204,1478
894,40.722415,-73.990468,187
895,40.783286,-73.945933,425
896,40.815237,-73.944299,560
897,40.791966,-73.946879,313
898,40.820208,-73.950354,491
899,40.718276,-73.976093,615
900,40.802096,-73.951357,220
901,40.795404,-73.944449,283
902,40.790932,-73.943904,520
903,40.705605,-74.015837,503
904,40.801547,-73.935335,956
905,40.821208,-73.941111,886
906,40.729052,-74.006155,198
907,40.810793,-73.955722,1006
908,40.725892,-73.987791,234
909,40.78633,-73.979217,367
910,40.794184,-73.932868,240
911,40.72313,-73.981597,362
912,40.775256,-73.982976,314
913,40.80261,-73.954152,362
914,40.806055,-73.948385,365
915,40.802653,-73.965949,428
916,40.705688,-74.013303,385
917,40.753099,-73.997641,175
918,40.785559,-73.940919,483
919,40.769798,-73.894108,564
920,40.7417,-73.778118,410
921,40.737405,-73.888133,1788
922,40.739644,-73.882446,1375
923,40.69691,-73.786403,384
924,40.718234,-73.912458,652
925,40.760122,-73.911962,795
926,40.746127,-73.909032,964
927,40.742284,-73.893466,1157
928,40.737441,-73.867662,1515
929,40.74102,-73.85457,1574
930,40.68605,-73.756546,440
931,40.748996,-73.860547,1509
932,40.768034,-73.922544,586
933,40.731853,-73.73229,590
934,40.7486,-73.866557,1889
935,40.758347,-73.824388,1213
936,40.774134,-73.818581,1346
937,40.761744,-73.811373,915
938,40.747914,-73.723644,313
939,40.751972,-73.8181,1046
940,40.764884,-73.789365,1053
941,40.735935,-73.777607,715
942,40.747017,-73.854268,473
943,40.778029,-73.842967,703
944,40.757701,-73.768994,539
945,40.765459,-73.794323,994
946,40.727172,-73.734102,952
947,40.710986,-73.737702,600
948,40.713438,-73.768894,674
949,40.691306,-73.764081,408
950,40.676201,-73.758778,421
951,40.67115,-73.733774,283
952,40.693559,-73.790975,396
953,40.770155,-73.771225,464
954,40.594358,-73.794804,642
955,40.59348,-73.761086,896
956,40.671871,-73.788866,319
957,40.745744,-73.758042,559
958,40.606476,-73.821089,244
959,40.693736,-73.796358,563
960,40.719567,-73.875493,1204
961,40.694868,-73.806842,848
962,40.698286,-73.831532,245
963,40.661427,-73.767161,413
964,40.604019,-73.749891,230
965,40.702656,-73.824629,536
966,40.69361,-73.816156,513
967,40.698989,-73.835735,358
968,40.728517,-73.890638,1024
969,40.681881,-73.752772,599
970,40.691467,-73.852792,1177
971,40.741898,-73.862886,2251
972,40.688359,-73.835567,911
973,40.676978,-73.846796,1213
974,40.681901,-73.856956,555
975,40.682293,-73.841675,454
976,40.697941,-73.846135,492
977,40.762241,-73.734832,951
978,40.696961,-73.897372,597
979,40.748804,-73.888457,1018
980,40.761762,-73.913964,859
981,40.711388,-73.904798,700
982,40.675014,-73.775643,337
983,40.728558,-73.893318,1971
984,40.744743,-73.766653,1158
985,40.698699,-73.904888,560
986,40.760862,-73.94163,446
987,40.699101,-73.902147,928
988,40.744368,-73.957177,737
989,40.786201,-73.817338,1088
990,40.673483,-73.769119,472
991,40.703942,-73.911885,643
992,40.703897,-73.8122,653
993,40.737321,-73.866454,419
994,40.771154,-73.906117,285
995,40.773126,-73.915039,636
996,40.709461,-73.803001,854
997,40.711559,-73.871674,617
998,40.704105,-73.896437,862
999,40.745963,-73.879641,1810
1000,40.696653,-73.839517,810
1001,40.703503,-73.883995,737
1002,40.755983,-73.868773,907
1003,40.705609,-73.903057,1124
1004,40.771258,-73.738703,310
1005,40.711295,-73.783283,1441
1006,40.675369,-73.808128,314
1007,40.694232,-73.860031,714
1008,40.768906,-73.749998,281
1009,40.711502,-73.827722,781
1010,40.679694,-73.821545,964
1011,40.715543,-73.8434,672
1012,40.733033,-73.878243,1303
1013,40.608002,-73.764621,634
1014,40.595911,-73.780961,832
1015,40.594738,-73.766846,209
1016,40.755364,-73.799476,938
1017,40.679083,-73.831025,1412
1018,40.720074,-73.746375,1164
1019,40.745995,-73.866372,894
1020,40.758342,-73.939181,339
1021,40.757293,-73.933562,450
1022,40.705476,-73.861493,884
1023,40.577552,-73.854364,678
1024,40.744201,-73.709404,778
1025,40.70084,-73.781839,771
1026,40.710428,-73.812968,974
1027,40.703182,-73.765237,451
1028,40.705187,-73.875073,1275
1029,40.745215,-73.828674,976
1030,40.683585,-73.81533,882
1031,40.780507,-73.915785,1366
1032,40.678913,-73.795571,668
1033,40.665669,-73.811266,1134
1034,40.740452,-73.918762,1509
1035,40.766008,-73.92999,692
1036,40.765507,-73.870931,1256
1037,40.715005,-73.885974,952
1038,40.789926,-73.839505,1079
1039,40.760219,-73.784009,407
1040,40.71715,-73.794061,748
1041,40.681948,-73.7493,362
1042,40.732458,-73.717819,584
1043,40.707535,-73.754747,332
1044,40.720864,-73.757591,932
1045,40.69894,-73.752694,581
1046,40.678112,-73.839377,1916
1047,40.659876,-73.734342,711
1048,40.728012,-73.862561,732
1049,40.687486,-73.781255,476
1050,40.775766,-73.904508,1180
1051,40.755393,-73.855715,1346
1052,40.71489,-73.852398,905
1053,40.754389,-73.887523,1709
1054,40.660531,-73.834896,623
1055,40.698028,-73.74014,561
1056,40.757629,-73.878638,804
1057,40.755759,-73.874505,979
1058,40.745887,-73.923375,1028
1059,40.758027,-73.908146,359
1060,40.753094,-73.900584,1015
1061,40.716296,-73.904463,1126
1062,40.726473,-73.80775,664
1063,40.679105,-73.810067,535
1064,40.672259,-73.743327,230
1065,40.732348,-73.852879,1651
1066,40.756562,-73.771878,1078
1067,40.770108,-73.783973,662
1068,40.688373,-73.799685,623
1069,40.690439,-73.82108,635
1070,40.748405,-73.776576,661
1071,40.741107,-73.808765,813
1072,40.721514,-73.823569,678
1073,40.729746,-73.816966,714
1074,40.757497,-73.926249,1000
1075,40.708431,-73.855543,832
1076,40.782331,-73.77843,434
1077,40.600659,-73.752565,366
1078,40.770926,-73.929093,465
1079,40.741409,-73.713245,979
1080,40.734097,-73.795651,964
1081,40.720583,-73.861462,681
1082,40.731016,-73.85221,813
1083,40.684987,-73.729226,757
1084,40.7434,-73.787419,488
1085,40.724061,-73.777314,548
1086,40.655674,-73.752948,322
1087,40.70675,-73.803183,718
1088,40.58922,-73.805866,484
1089,40.778334,-73.799158,518
1090,40.774906,-73.818607,1506
1091,40.749556,-73.721594,376
1092,40.736063,-73.753985,720
1093,40.759963,-73.818399,775
1094,40.723478,-73.8517,1082
1095,40.734266,-73.708617,383
1096,40.705989,-73.752885,492
1097,40.792053,-73.808987,559
1098,40.783231,-73.80699,1280
1099,40.652641,-73.735618,531
1100,40.722792,-73.837379,1022
1101,40.599664,-73.744128,523
1102,40.739831,-73.926081,801
1103,40.73107,-73.805759,541
1104,40.736541,-73.813011,474
1105,40.670905,-73.845992,1111
1106,40.753606,-73.759822,914
1107,40.756471,-73.932628,460
1108,40.738008,-73.756374,316
1109,40.73404,-73.861004,611
1110,40.657736,-73.843881,690
1111,40.744276,-73.727632,714
1112,40.783777,-73.795845,557
1113,40.68476,-73.847633,1884
1114,40.741139,-73.863408,517
1115,40.753035,-73.884458,793
1116,40.747457,-73.74539,456
1117,40.770215,-73.827606,443
1118,40.737188,-73.794501,1520
1119,40.710384,-73.811461,1666
1120,40.737448,-73.823841,625
1121,40.736314,-73.852621,703
1122,40.758808,-73.731518,635
1123,40.750442,-73.879991,280
1124,40.673898,-73.78953,576
1125,40.749556,-73.721594,396
1126,40.675021,-73.81673,911
1127,40.757567,-73.874614,1585
1128,40.756931,-73.874947,304
1129,40.734682,-73.897108,1421
1130,40.752618,-73.892883,1261
1131,40.665408,-73.850622,949
1132,40.708431,-73.855543,509
1133,40.766898,-73.923044,488
1134,40.766898,-73.923044,117
1135,40.740824,-73.874129,273
1136,40.74943,-73.821402,1377
1137,40.712743,-73.779653,1301
1138,40.699431,-73.903838,539
1139,40.764892,-73.826811,567
1140,40.764892,-73.826811,424
1141,40.769752,-73.832005,397
1142,40.698786,-73.74633,413
1143,40.754483,-73.826192,459
1144,40.66903,-73.757744,387
1145,40.724195,-73.80938,367
1146,40.664809,-73.759396,351
1147,40.724195,-73.80938,588
1148,40.607247,-73.748799,562
1149,40.6972,-73.847886,604
1150,40.724195,-73.80938,420
1151,40.821278,-73.488094,520
1152,40.756471,-73.932628,533
1153,40.705989,-73.752885,588
1154,40.601537,-73.763995,346
1155,40.673949,-73.782684,318
1156,40.586012,-73.825317,967
1157,40.759963,-73.818399,426
1158,40.744175,-73.937004,649
1159,40.66903,-73.757744,438
1160,40.746128,-73.728415,654
1161,40.744175,-73.937004,407
1162,40.707648,-73.78521,632
1163,40.67507,-73.736232,751
1164,40.66903,-73.757744,417
1165,40.693613,-73.844335,316
1166,40.73668,-73.921346,483
1167,40.753345,-73.874109,622
1168,40.74943,-73.821402,649
1169,40.601537,-73.763995,264
1170,40.66903,-73.757744,578
1171,40.69691,-73.786403,658
1172,40.764884,-73.789365,582
1173,40.770769,-73.92383,586
1174,40.69691,-73.786403,358
1175,40.672259,-73.743327,170
1176,40.71303,-73.908307,588
1177,40.742964,-73.959183,427
1178,40.743228,-73.871505,593
1179,40.782331,-73.77843,363
1180,40.720617,-73.731398,489
1181,40.743228,-73.871505,423
1182,40.675021,-73.81673,376
1183,40.710973,-73.888325,403
1184,40.744175,-73.937004,643
1185,40.768034,-73.922544,524
1186,40.742964,-73.959183,562
1187,40.601537,-73.763995,466
1188,40.725787,-73.844032,211
1189,40.760376,-73.939984,688
1190,40.706837,-73.91499,592
1191,40.691482,-73.848577,395
1192,40.749175,-73.865787,899
1193,40.670905,-73.845992,629
1194,40.601537,-73.763995,626
1195,40.714551,-73.798658,669
1196,40.74592,-73.865239,761
1197,40.693559,-73.790975,200
1198,40.698786,-73.74633,389
1199,40.675021,-73.81673,382
1200,40.733888,-73.739726,519
1201,40.683112,-73.850123,401
1202,40.580907,-73.83109,517
1203,40.580907,-73.83109,244
1204,40.604019,-73.749891,378
1205,40.673949,-73.782684,473
1206,40.752598,-73.935743,829
1207,40.584543,-73.825162,1351
1208,40.586012,-73.825317,304
1209,40.714551,-73.798658,447
1210,40.711857,-73.771196,370
1211,40.69172,-73.778924,497
1212,40.714551,-73.798658,464
1213,40.761573,-73.872244,457
1214,40.757888,-73.859202,561
1215,40.675014,-73.775643,334
1216,40.594008,-73.786649,399
1217,40.693013,-73.829409,411
1218,40.655811,-73.738793,450
1219,40.708204,-73.799532,206
1220,40.681881,-73.752772,639
1221,40.600137,-73.764065,789
1222,40.689012,-73.763282,964
1223,40.680016,-73.778613,321
1224,40.74258,-73.922604,423
1225,40.708698,-73.797981,427
1226,40.714551,-73.798658,494
1227,40.586012,-73.825317,306
1228,40.679843,-73.774668,581
1229,40.664809,-73.759396,325
1230,40.664809,-73.759396,347
1231,40.708698,-73.797981,362
1232,40.756181,-73.902197,413
1233,40.702329,-73.756259,209
1234,40.747701,-73.90643,346
1235,40.599467,-73.758587,543
1236,40.713084,-73.807561,391
1237,40.586012,-73.825317,189
1238,40.675626,-73.799756,304
1239,40.604019,-73.749891,409
1240,40.754954,-73.770314,173
1241,40.668083,-73.83685,295
1242,40.785129,-73.843504,154
1243,40.759419,-73.861594,180
1244,40.748159,-73.940316,32
1245,40.766487,-73.816232,104
1246,40.671281,-73.856042,95
1247,40.673949,-73.782684,311
1248,40.752343,-73.757271,3609
1249,40.737448,-73.823841,3522
1250,40.740875,-73.795049,4492
1251,40.733888,-73.739726,1162
1252,40.730017,-73.843972,3806
1253,40.757072,-73.911165,2344
1254,40.765881,-73.933907,2252
1255,40.740824,-73.874129,1805
1256,40.764892,-73.826811,1595
1257,40.695171,-73.833815,1576
1258,40.680065,-73.838616,2366
1259,40.711881,-73.909202,1715
1260,40.698786,-73.74633,407
1261,40.771398,-73.781041,2850
1262,40.698786,-73.74633,439
1263,40.738599,-73.820821,535
1264,40.756099,-73.925182,853
1265,40.748502,-73.946488,1011
1266,40.709461,-73.803001,3300
1267,40.743253,-73.933316,508
1268,40.737038,-73.821532,1182
1269,40.743253,-73.933316,507
1270,40.765624,-73.828279,357
1271,40.737673,-73.853412,784
1272,40.751838,-73.936592,828
1273,40.742217,-73.936442,649
1274,40.744197,-73.728834,1070
1275,40.751144,-73.937564,1007
1276,40.754975,-73.926977,534
1277,40.729104,-73.887909,1212
1278,40.741658,-73.927995,1522
1279,40.743309,-73.929577,2088
1280,40.716071,-73.799692,2196
1281,40.689177,-73.841475,1066
1282,40.72528,-73.811408,702
1283,40.718027,-73.805923,711
1284,40.708431,-73.855543,1104
1285,40.700884,-73.798364,475
1286,40.685838,-73.783438,462
1287,40.676318,-73.753009,513
1288,40.749934,-73.884817,576
1289,40.755714,-73.924175,731
1290,40.735613,-73.867882,484
1291,40.743228,-73.871505,239
1292,40.683473,-73.800875,393
1293,40.720586,-73.819664,189
1294,40.756481,-73.728412,431
1295,40.708409,-73.804166,547
1296,40.734266,-73.708617,575
1297,40.508638,-74.24395,446
1298,40.576728,-74.099685,1064
1299,40.520812,-74.21185,741
1300,40.552059,-74.195281,678
1301,40.529389,-74.187276,313
1302,40.510207,-74.230118,532
1303,40.522971,-74.186096,1167
1304,40.547567,-74.152212,596
1305,40.60265,-74.090245,326
1306,40.639638,-74.079594,181
1307,40.590887,-74.098252,309
1308,40.607104,-74.178183,125
1309,40.613322,-74.068963,859
1310,40.639638,-74.079594,486
1311,40.636521,-74.116817,491
1312,40.630563,-74.126851,547
1313,40.636729,-74.132382,451
1314,40.631165,-74.144599,346
1315,40.624847,-74.150544,933
1316,40.570765,-74.133216,545
1317,40.54549,-74.145558,1317
1318,40.512019,-74.218688,582
1319,40.591546,-74.190093,298
1320,40.628291,-74.117818,1036
1321,40.620443,-74.080695,270
1322,40.614039,-74.116197,602
1323,40.618097,-74.13308,826
1324,40.64209,-74.08542,388
1325,40.5579,-74.1554,679
1326,40.5083,-74.2434,1061
1327,40.613548,-74.098994,408
1328,40.543433,-74.182548,866
1329,40.5641,-74.151368,366
1330,40.574799,-74.099409,364
1331,40.597824,-74.07061,525
1332,40.573599,-74.108492,698
1333,40.552213,-74.169038,1056
1334,40.631689,-74.157303,772
1335,40.628419,-74.107537,862
1336,40.594455,-74.080829,243
1337,40.581958,-74.159343,496
1338,40.603492,-74.091239,1001
1339,40.620443,-74.080695,535
1340,40.560954,-74.124332,725
1341,40.623077,-74.145522,1335
1342,40.58255,-74.089012,581
1343,40.551926,-74.13664,840
1344,40.602779,-74.137259,787
1345,40.536625,-74.163037,582
1346,40.541856,-74.213943,578
1347,40.611136,-74.083799,640
1348,40.582791,-74.160867,691
1349,40.647898,-74.083408,301
1350,40.610604,-74.162634,862
1351,40.634497,-74.097941,967
1352,40.541563,-74.217934,282
1353,40.581958,-74.159343,450
1354,40.581958,-74.159343,434
1355,40.633666,-74.078337,437
1356,40.607104,-74.178183,752
1357,40.624781,-74.142526,238
1358,40.59148,-74.157327,925
1359,40.607104,-74.178183,83
1360,40.592132,-74.158618,1444
1361,40.639677,-74.137166,412
1362,40.638993,-74.079438,298
1363,40.544535,-74.197033,1455
1364,40.622415,-74.079228,779
1365,40.607637,-74.105883,1330
1366,40.64118,-74.095454,568
1367,40.570909,-74.105878,3051
1368,40.635562,-74.141924,1564
1369,40.645436,-74.082149,2586
1370,40.528152,-74.193431,3654
1371,40.588985,-74.130819,3383
1372,40.61062,-74.087072,166
1373,40.64282,-74.079263,795
1374,40.568299,-74.117086,1331
1375,40.620835,-74.077054,459
1376,40.62031,-74.164427,906
1377,40.819331,-73.919634,649
1378,40.850131,-73.89163,321
1379,40.841758,-73.897943,549
1380,40.813896,-73.908358,729
1381,40.840445,-73.882531,532
1382,40.881562,-73.905697,688
1383,40.872259,-73.883339,939
1384,40.85644,-73.898821,830
1385,40.82708,-73.829211,587
1386,40.839693,-73.92589,552
1387,40.840625,-73.844685,271
1388,40.835318,-73.826277,581
1389,40.859243,-73.909763,475
1390,40.902311,-73.854231,335
1391,40.818703,-73.905389,451
1392,40.816369,-73.922697,574
1393,40.899351,-73.866949,520
1394,40.869482,-73.878731,988
1395,40.887888,-73.85942,647
1396,40.832022,-73.91435,420
1397,40.853294,-73.894951,445
1398,40.886922,-73.915114,844
1399,40.812895,-73.905751,541
1400,40.848344,-73.903821,727
1401,40.821544,-73.916419,795
1402,40.809023,-73.917417,536
1403,40.822574,-73.92114,716
1404,40.851724,-73.88622,758
1405,40.861698,-73.901268,890
1406,40.828009,-73.917705,618
1407,40.82948,-73.849791,764
1408,40.877935,-73.913694,630
1409,40.874754,-73.867834,862
1410,40.838636,-73.903243,399
1411,40.806452,-73.921593,452
1412,40.842564,-73.891086,285
1413,40.858389,-73.887026,709
1414,40.867169,-73.890402,853
1415,40.832529,-73.866974,1054
1416,40.814034,-73.886834,668
1417,40.810413,-73.92273,650
1418,40.850674,-73.886997,205
1419,40.832648,-73.911906,1037
1420,40.864872,-73.88794,475
1421,40.835934,-73.90497,590
1422,40.875481,-73.874912,669
1423,40.848748,-73.888987,571
1424,40.846383,-73.898826,426
1425,40.853141,-73.893639,519
1426,40.836156,-73.892784,294
1427,40.813736,-73.900161,668
1428,40.83093,-73.901859,530
1429,40.807916,-73.912557,377
1430,40.831493,-73.88654,598
1431,40.843781,-73.884192,485
1432,40.891603,-73.83888,643
1433,40.8167,-73.86046,629
1434,40.844236,-73.90807,1104
1435,40.845379,-73.829562,1567
1436,40.823237,-73.818172,757
1437,40.832609,-73.926415,574
1438,40.822314,-73.888948,588
1439,40.869059,-73.860928,893
1440,40.872559,-73.875375,423
1441,40.878474,-73.850563,817
1442,40.876819,-73.881245,652
1443,40.903275,-73.904657,746
1444,40.849176,-73.858769,1648
1445,40.858689,-73.894682,922
1446,40.869061,-73.897066,1625
1447,40.895741,-73.846198,588
1448,40.837019,-73.913523,147
1449,40.862481,-73.859254,1550
1450,40.858286,-73.907494,646
1451,40.822522,-73.877274,341
1452,40.880661,-73.875268,1220
1453,40.883049,-73.891664,1230
1454,40.86073,-73.868986,897
1455,40.863524,-73.846768,607
1456,40.836245,-73.890591,266
1457,40.822552,-73.86276,559
1458,40.82708,-73.829211,545
1459,40.892198,-73.86194,1019
1460,40.853075,-73.866264,1028
1461,40.836974,-73.854823,1106
1462,40.819221,-73.868735,553
1463,40.8547,-73.8532,588
1464,40.851661,-73.918991,611
1465,40.83447,-73.900654,408
1466,40.884371,-73.839288,644
1467,40.88494,-73.843977,414
1468,40.834979,-73.923297,711
1469,40.848552,-73.909022,488
1470,40.848702,-73.892482,1105
1471,40.828474,-73.857392,803
1472,40.866474,-73.85051,843
1473,40.824989,-73.874162,418
1474,40.843705,-73.890145,600
1475,40.835866,-73.9282,579
1476,40.838759,-73.853203,850
1477,40.83447,-73.900654,353
1478,40.846128,-73.886721,541
1479,40.817742,-73.901709,433
1480,40.822925,-73.859998,479
1481,40.832175,-73.907133,370
1482,40.841758,-73.897943,349
1483,40.831613,-73.894241,622
1484,40.822288,-73.853157,661
1485,40.823318,-73.907489,613
1486,40.887407,-73.914141,1513
1487,40.863842,-73.836525,485
1488,40.824717,-73.905734,378
1489,40.82471,-73.894349,781
1490,40.822574,-73.92114,230
1491,40.823941,-73.880479,818
1492,40.874035,-73.831669,623
1493,40.808194,-73.925459,333
1494,40.819419,-73.908965,635
1495,40.85568,-73.893136,194
1496,40.864073,-73.823816,377
1497,40.814168,-73.905233,485
1498,40.8517,-73.899005,472
1499,40.825715,-73.838299,573
1500,40.869482,-73.878731,530
1501,40.881344,-73.839386,424
1502,40.844367,-73.913253,236
1503,40.844353,-73.78354,312
1504,40.874035,-73.831669,554
1505,40.83093,-73.901859,268
1506,40.874035,-73.831669,410
1507,40.80908,-73.919773,311
1508,40.874035,-73.831669,1016
1509,40.874035,-73.831669,890
1510,40.818925,-73.856976,763
1511,40.823228,-73.897394,673
1512,40.831388,-73.897797,712
1513,40.850168,-73.883877,506
1514,40.882778,-73.830616,383
1515,40.836156,-73.892784,276
1516,40.83541,-73.846594,1292
1517,40.830811,-73.877305,881
1518,40.830811,-73.877305,885
1519,40.843453,-73.920826,717
1520,40.823124,-73.898265,190
1521,40.821723,-73.902892,551
1522,40.849416,-73.915217,632
1523,40.855759,-73.881753,935
1524,40.859534,-73.906285,229
1525,40.878327,-73.906197,336
1526,40.810671,-73.907528,491
1527,40.856834,-73.897635,276
1528,40.843705,-73.890145,571
1529,40.828406,-73.900121,180
1530,40.877379,-73.912686,377
1531,40.839297,-73.879931,1097
1532,40.833493,-73.903951,329
1533,40.822056,-73.894368,339
1534,40.835681,-73.919571,1036
1535,40.833493,-73.903951,344
1536,40.813612,-73.920851,657
1537,40.813612,-73.920851,662
1538,40.810314,-73.918774,328
1539,40.854257,-73.897404,540
1540,40.855822,-73.916076,450
1541,40.839307,-73.911366,388
1542,40.860987,-73.891562,270
1543,40.8524,-73.9216,243
1544,40.845366,-73.897479,527
1545,40.849416,-73.915217,511
1546,40.811562,-73.925416,580
1547,40.848907,-73.909936,327
1548,40.875636,-73.901565,430
1549,40.839508,-73.901774,606
1550,40.832508,-73.878191,672
1551,40.859466,-73.888625,609
1552,40.875636,-73.901565,748
1553,40.865972,-73.8953,683
1554,40.827539,-73.896925,356
1555,40.874035,-73.831669,295
1556,40.833884,-73.902794,430
1557,40.836245,-73.890591,326
1558,40.839508,-73.901774,379
1559,40.875172,-73.861649,317
1560,40.858721,-73.889878,493
1561,40.834025,-73.858533,811
1562,40.8091,-73.909595,267
1563,40.810671,-73.907528,530
1564,40.833884,-73.902794,448
1565,40.839508,-73.901774,361
1566,40.855392,-73.882487,419
1567,40.875172,-73.861649,371
1568,40.826933,-73.900593,580
1569,40.869061,-73.897066,491
1570,40.820388,-73.892961,645
1571,40.888242,-73.852714,368
1572,40.836821,-73.887688,668
1573,40.848748,-73.888987,220
1574,40.8524,-73.9216,714
1575,40.875172,-73.861649,542
1576,40.813385,-73.913872,480
1577,40.854666,-73.904958,1031
1578,40.876819,-73.881245,816
1579,40.815043,-73.85607,248
1580,40.877379,-73.912686,369
1581,40.831493,-73.88654,280
1582,40.880649,-73.860126,563
1583,40.860443,-73.860729,607
1584,40.875172,-73.861649,359
1585,40.859243,-73.909763,601
1586,40.839775,-73.839583,460
1587,40.8404,-73.915879,502
1588,40.818703,-73.905389,231
1589,40.827455,-73.90392,409
1590,40.818703,-73.905389,266
1591,40.860443,-73.860729,500
1592,40.846128,-73.886721,601
1593,40.822291,-73.906739,242
1594,40.816078,-73.901599,482
1595,40.849416,-73.915217,318
1596,40.82708,-73.829211,510
1597,40.850722,-73.910827,651
1598,40.869142,-73.901821,342
1599,40.885428,-73.878051,271
1600,40.803052,-73.918037,451
1601,40.872477,-73.905547,674
1602,40.8404,-73.915879,417
1603,40.821218,-73.85593,422
1604,40.840536,-73.904353,302
1605,40.834188,-73.886995,309
1606,40.873659,-73.900068,230
1607,40.846128,-73.886721,387
1608,40.843705,-73.890145,252
1609,40.848385,-73.893744,231
1610,40.839775,-73.839583,475
1611,40.832022,-73.91435,401
1612,40.828009,-73.917705,510
1613,40.862098,-73.865028,407
1614,40.842503,-73.916084,735
1615,40.827438,-73.914067,319
1616,40.839307,-73.911366,271
1617,40.850722,-73.910827,434
1618,40.820108,-73.898399,625
1619,40.810314,-73.918774,425
1620,40.824989,-73.874162,503
1621,40.840536,-73.904353,477
1622,40.869407,-73.897171,593
1623,40.822056,-73.894368,395
1624,40.869061,-73.897066,518
1625,40.810314,-73.918774,307
1626,40.883049,-73.891664,378
1627,40.815827,-73.885284,973
1628,40.822056,-73.894368,497
1629,40.880853,-73.909955,354
1630,40.839775,-73.839583,360
1631,40.839775,-73.839583,425
1632,40.839307,-73.911366,228
1633,40.879958,-73.889011,587
1634,40.840445,-73.882531,501
1635,40.879958,-73.889011,551
1636,40.886002,-73.839682,300
1637,40.854423,-73.863733,425
1638,40.823014,-73.922527,346
1639,40.874717,-73.902214,433
1640,40.838232,-73.927892,378
1641,40.822522,-73.877274,262
1642,40.859496,-73.90049,582
1643,40.808194,-73.925459,357
1644,40.849416,-73.915217,324
1645,40.815043,-73.85607,659
1646,40.877935,-73.913694,1022
1647,40.80908,-73.919773,252
1648,40.880649,-73.860126,429
1649,40.826794,-73.818083,378
1650,40.859466,-73.888625,464
1651,40.815043,-73.85607,222
1652,40.821218,-73.85593,446
1653,40.821218,-73.85593,184
1654,40.845023,-73.857989,326
1655,40.818703,-73.905389,220
1656,40.827438,-73.914067,642
1657,40.818645,-73.919949,167
1658,40.855337,-73.903139,278
1659,40.839297,-73.879931,328
1660,40.855337,-73.903139,604
1661,40.812804,-73.919316,569
1662,40.832508,-73.878191,444
1663,40.823014,-73.922527,431
1664,40.854335,-73.913016,539
1665,40.854257,-73.897404,475
1666,40.826794,-73.818083,339
1667,40.814857,-73.912038,433
1668,40.806389,-73.92115,451
1669,40.821682,-73.910421,443
1670,40.854335,-73.913016,291
1671,40.877379,-73.912686,309
1672,40.872455,-73.875451,508
1673,40.827455,-73.90392,418
1674,40.827455,-73.90392,326
1675,40.839775,-73.839583,794
1676,40.81264,-73.919913,419
1677,40.839307,-73.911366,275
1678,40.839307,-73.911366,419
1679,40.851577,-73.864438,461
1680,40.839503,-73.919597,599
1681,40.856531,-73.843013,320
1682,40.815827,-73.885284,300
1683,40.815712,-73.92996,327
1684,40.853728,-73.911708,425
1685,40.821218,-73.85593,329
1686,40.869061,-73.897066,414
1687,40.859466,-73.888625,390
1688,40.859466,-73.888625,319
1689,40.859466,-73.888625,352
1690,40.859466,-73.888625,402
1691,40.879958,-73.889011,1119
1692,40.869061,-73.897066,421
1693,40.831873,-73.917526,555
1694,40.879958,-73.889011,3016
1695,40.823124,-73.898265,182
1696,40.855337,-73.903139,459
1697,40.822925,-73.859998,392
1698,40.828009,-73.917705,455
1699,40.821218,-73.85593,532
1700,40.828009,-73.917705,450
1701,40.874035,-73.831669,2081
1702,40.831873,-73.917526,494
1703,40.834188,-73.886995,249
1704,40.859496,-73.90049,296
1705,40.875161,-73.910426,408
1706,40.834599,-73.929797,606
1707,40.882778,-73.830616,257
1708,40.828406,-73.900121,301
1709,40.822925,-73.859998,546
1710,40.820298,-73.927397,575
1711,40.826794,-73.818083,341
1712,40.862098,-73.865028,332
1713,40.872559,-73.875375,324
1714,40.809023,-73.917417,421
1715,40.816245,-73.929949,256
1716,40.818041,-73.911633,315
1717,40.877379,-73.912686,448
1718,40.832508,-73.878191,317
1719,40.826933,-73.900593,268
1720,40.823124,-73.898265,181
1721,40.843531,-73.865498,216
1722,40.826933,-73.900593,789
1723,40.901436,-73.854402,163
1724,40.863842,-73.836525,298
1725,40.836679,-73.91735,432
1726,40.816078,-73.901599,774
1727,40.864073,-73.823816,637
1728,40.829793,-73.906403,316
1729,40.807916,-73.912557,515
1730,40.818069,-73.904223,328
1731,40.813681,-73.925995,586
1732,40.835934,-73.90497,757
1733,40.818041,-73.911633,519
1734,40.856531,-73.843013,323
1735,40.814952,-73.908773,227
1736,40.845023,-73.857989,652
1737,40.814857,-73.912038,547
1738,40.827461,-73.919024,751
1739,40.860443,-73.860729,459
1740,40.860443,-73.860729,379
1741,40.836245,-73.890591,418
1742,40.888242,-73.852714,381
1743,40.888242,-73.852714,360
1744,40.833493,-73.903951,408
1745,40.832508,-73.878191,423
1746,40.818645,-73.919949,452
1747,40.855392,-73.882487,333
1748,40.84325,-73.902969,565
1749,40.821828,-73.922366,511
1750,40.886002,-73.839682,344
1751,40.817741,-73.897876,342
1752,40.838151,-73.866038,484
1753,40.886002,-73.839682,281
1754,40.838151,-73.866038,416
1755,40.820486,-73.881187,193
1756,40.856531,-73.843013,322
1757,40.877379,-73.912686,495
1758,40.860443,-73.860729,511
1759,40.827455,-73.90392,253
1760,40.875172,-73.861649,395
1761,40.875172,-73.861649,322
1762,40.877379,-73.912686,347
1763,40.821828,-73.922366,528
1764,40.869061,-73.897066,490
1765,40.832508,-73.878191,459
1766,40.813681,-73.925995,587
1767,40.877379,-73.912686,539
1768,40.808703,-73.921888,328
1769,40.842503,-73.916084,427
1770,40.862098,-73.865028,405
1771,40.810671,-73.907528,243
1772,40.839775,-73.839583,554
1773,40.821723,-73.902892,299
1774,40.821218,-73.85593,381
1775,40.829153,-73.857882,667
1776,40.839307,-73.911366,361
1777,40.855392,-73.882487,406
1778,40.863842,-73.836525,474
1779,40.838759,-73.853203,387
1780,40.848552,-73.909022,536
1781,40.845897,-73.864154,236
1782,40.821828,-73.922366,288
1783,40.826949,-73.859622,192
1784,40.814857,-73.912038,247
1785,40.813077,-73.919979,255
1786,40.81534,-73.919754,162
1787,40.828406,-73.900121,20
1788,40.829793,-73.906403,154
1789,40.888351,-73.862924,237
1790,40.880738,-73.907295,353
1791,40.827438,-73.914067,45
1792,40.827438,-73.914067,197
1793,40.846205,-73.889602,155
1794,40.874035,-73.831669,406
1795,40.832508,-73.878191,110
1796,40.857932,-73.903764,188
1797,40.818645,-73.919949,455
1798,40.850089,-73.850735,90
1799,40.888351,-73.862924,106
1800,40.809462,-73.924847,176
1801,40.820858,-73.905097,106
1802,40.815712,-73.92996,497
1803,40.831212,-73.885804,471
1804,40.841376,-73.875262,463
1805,40.838151,-73.866038,311
1806,40.874725,-73.895543,411
1807,40.839072,-73.900123,700
1808,40.822574,-73.92114,1060
1809,40.840262,-73.918665,272
1810,40.832328,-73.905771,681
1811,40.838654,-73.904703,331
1812,40.884371,-73.839288,564
1813,40.842725,-73.839114,536
1814,40.88298,-73.831856,480
1815,40.821815,-73.886477,430
1816,40.811051,-73.909363,525
1817,40.830552,-73.886798,634
